ID,Name,Domain,Group,Location,Topic,Metadata
carbon_ddioxide_indoor_ada_point_ppm_second_50,Ada Carbon Dioxide Indoor Ada,,,,haas/sensor/config/sensor/anode/carbon_ddioxide_indoor_ada_point_ppm_second_50/config,"{""unit_of_measurement"": ""ppm"", ""qos"": 1, ""name"": ""Ada Carbon Dioxide Indoor Ada"", ""value_template"": ""{{value_json.value}}"", ""state_topic"": ""haas/sensor/state/sensor/anode/carbon_ddioxide_indoor_ada_point_ppm_second_50/state"", ""device"": {""connections"": [[""id"", ""C82A1455C70C""]], ""sw_version"": ""1001"", ""model"": ""ASystem"", ""name"": ""ANode"", ""manufacturer"": ""Jane and Graham""}, ""unique_id"": ""carbon_ddioxide_indoor_ada_point_ppm_second_50""}"
carbon_ddioxide_indoor_dining_point_ppm_second_50,Dining Carbon Dioxide Indoor Dining,,,,haas/sensor/config/sensor/anode/carbon_ddioxide_indoor_dining_point_ppm_second_50/config,"{""unit_of_measurement"": ""ppm"", ""qos"": 1, ""name"": ""Dining Carbon Dioxide Indoor Dining"", ""value_template"": ""{{value_json.value}}"", ""state_topic"": ""haas/sensor/state/sensor/anode/carbon_ddioxide_indoor_dining_point_ppm_second_50/state"", ""device"": {""connections"": [[""id"", ""C82A1455C70C""]], ""sw_version"": ""1001"", ""model"": ""ASystem"", ""name"": ""ANode"", ""manufacturer"": ""Jane and Graham""}, ""unique_id"": ""carbon_ddioxide_indoor_dining_point_ppm_second_50""}"
carbon_ddioxide_indoor_edwin_point_ppm_second_50,Edwin Carbon Dioxide Indoor Edwin,,,,haas/sensor/config/sensor/anode/carbon_ddioxide_indoor_edwin_point_ppm_second_50/config,"{""unit_of_measurement"": ""ppm"", ""qos"": 1, ""name"": ""Edwin Carbon Dioxide Indoor Edwin"", ""value_template"": ""{{value_json.value}}"", ""state_topic"": ""haas/sensor/state/sensor/anode/carbon_ddioxide_indoor_edwin_point_ppm_second_50/state"", ""device"": {""connections"": [[""id"", ""C82A1455C70C""]], ""sw_version"": ""1001"", ""model"": ""ASystem"", ""name"": ""ANode"", ""manufacturer"": ""Jane and Graham""}, ""unique_id"": ""carbon_ddioxide_indoor_edwin_point_ppm_second_50""}"
carbon_ddioxide_indoor_kitchen_point_ppm_second_50,Kitchen Carbon Dioxide Indoor Kitchen,,,,haas/sensor/config/sensor/anode/carbon_ddioxide_indoor_kitchen_point_ppm_second_50/config,"{""unit_of_measurement"": ""ppm"", ""qos"": 1, ""name"": ""Kitchen Carbon Dioxide Indoor Kitchen"", ""value_template"": ""{{value_json.value}}"", ""state_topic"": ""haas/sensor/state/sensor/anode/carbon_ddioxide_indoor_kitchen_point_ppm_second_50/state"", ""device"": {""connections"": [[""id"", ""C82A1455C70C""]], ""sw_version"": ""1001"", ""model"": ""ASystem"", ""name"": ""ANode"", ""manufacturer"": ""Jane and Graham""}, ""unique_id"": ""carbon_ddioxide_indoor_kitchen_point_ppm_second_50""}"
carbon_ddioxide_indoor_laundry_point_ppm_second_50,Laundry Carbon Dioxide Indoor Laundry,,,,haas/sensor/config/sensor/anode/carbon_ddioxide_indoor_laundry_point_ppm_second_50/config,"{""unit_of_measurement"": ""ppm"", ""qos"": 1, ""name"": ""Laundry Carbon Dioxide Indoor Laundry"", ""value_template"": ""{{value_json.value}}"", ""state_topic"": ""haas/sensor/state/sensor/anode/carbon_ddioxide_indoor_laundry_point_ppm_second_50/state"", ""device"": {""connections"": [[""id"", ""C82A1455C70C""]], ""sw_version"": ""1001"", ""model"": ""ASystem"", ""name"": ""ANode"", ""manufacturer"": ""Jane and Graham""}, ""unique_id"": ""carbon_ddioxide_indoor_laundry_point_ppm_second_50""}"
carbon_ddioxide_indoor_lounge_point_ppm_second_50,Lounge Carbon Dioxide Indoor Lounge,,,,haas/sensor/config/sensor/anode/carbon_ddioxide_indoor_lounge_point_ppm_second_50/config,"{""unit_of_measurement"": ""ppm"", ""qos"": 1, ""name"": ""Lounge Carbon Dioxide Indoor Lounge"", ""value_template"": ""{{value_json.value}}"", ""state_topic"": ""haas/sensor/state/sensor/anode/carbon_ddioxide_indoor_lounge_point_ppm_second_50/state"", ""device"": {""connections"": [[""id"", ""C82A1455C70C""]], ""sw_version"": ""1001"", ""model"": ""ASystem"", ""name"": ""ANode"", ""manufacturer"": ""Jane and Graham""}, ""unique_id"": ""carbon_ddioxide_indoor_lounge_point_ppm_second_50""}"
carbon_ddioxide_indoor_office_point_ppm_second_50,Office Carbon Dioxide Indoor Office,,,,haas/sensor/config/sensor/anode/carbon_ddioxide_indoor_office_point_ppm_second_50/config,"{""unit_of_measurement"": ""ppm"", ""qos"": 1, ""name"": ""Office Carbon Dioxide Indoor Office"", ""value_template"": ""{{value_json.value}}"", ""state_topic"": ""haas/sensor/state/sensor/anode/carbon_ddioxide_indoor_office_point_ppm_second_50/state"", ""device"": {""connections"": [[""id"", ""C82A1455C70C""]], ""sw_version"": ""1001"", ""model"": ""ASystem"", ""name"": ""ANode"", ""manufacturer"": ""Jane and Graham""}, ""unique_id"": ""carbon_ddioxide_indoor_office_point_ppm_second_50""}"
carbon_ddioxide_indoor_pantry_point_ppm_second_50,Pantry Carbon Dioxide Indoor Pantry,,,,haas/sensor/config/sensor/anode/carbon_ddioxide_indoor_pantry_point_ppm_second_50/config,"{""unit_of_measurement"": ""ppm"", ""qos"": 1, ""name"": ""Pantry Carbon Dioxide Indoor Pantry"", ""value_template"": ""{{value_json.value}}"", ""state_topic"": ""haas/sensor/state/sensor/anode/carbon_ddioxide_indoor_pantry_point_ppm_second_50/state"", ""device"": {""connections"": [[""id"", ""C82A1455C70C""]], ""sw_version"": ""1001"", ""model"": ""ASystem"", ""name"": ""ANode"", ""manufacturer"": ""Jane and Graham""}, ""unique_id"": ""carbon_ddioxide_indoor_pantry_point_ppm_second_50""}"
carbon_ddioxide_indoor_parents_point_ppm_second_50,Parents Carbon Dioxide Indoor Parents,,,,haas/sensor/config/sensor/anode/carbon_ddioxide_indoor_parents_point_ppm_second_50/config,"{""unit_of_measurement"": ""ppm"", ""qos"": 1, ""name"": ""Parents Carbon Dioxide Indoor Parents"", ""value_template"": ""{{value_json.value}}"", ""state_topic"": ""haas/sensor/state/sensor/anode/carbon_ddioxide_indoor_parents_point_ppm_second_50/state"", ""device"": {""connections"": [[""id"", ""C82A1455C70C""]], ""sw_version"": ""1001"", ""model"": ""ASystem"", ""name"": ""ANode"", ""manufacturer"": ""Jane and Graham""}, ""unique_id"": ""carbon_ddioxide_indoor_parents_point_ppm_second_50""}"
cloud_outdoor_base_point_m_second_2,Base Cloud Outdoor Home,,,,haas/sensor/config/sensor/anode/cloud_outdoor_base_point_m_second_2/config,"{""unit_of_measurement"": ""m"", ""qos"": 1, ""name"": ""Base Cloud Outdoor Home"", ""value_template"": ""{{value_json.value}}"", ""state_topic"": ""haas/sensor/state/sensor/anode/cloud_outdoor_base_point_m_second_2/state"", ""device"": {""connections"": [[""id"", ""C82A1455C70C""]], ""sw_version"": ""1001"", ""model"": ""ASystem"", ""name"": ""ANode"", ""manufacturer"": ""Jane and Graham""}, ""unique_id"": ""cloud_outdoor_base_point_m_second_2""}"
energy_consumption_bathroom_dlights_integral_mwh_day_1,Bathroom Lights Energy Consumption Home,,,,haas/sensor/config/sensor/anode/energy_consumption_bathroom_dlights_integral_mwh_day_1/config,"{""unit_of_measurement"": ""mWh"", ""qos"": 1, ""name"": ""Bathroom Lights Energy Consumption Home"", ""value_template"": ""{{value_json.value}}"", ""state_topic"": ""haas/sensor/state/sensor/anode/energy_consumption_bathroom_dlights_integral_mwh_day_1/state"", ""device"": {""connections"": [[""id"", ""C82A1455C70C""]], ""sw_version"": ""1001"", ""model"": ""ASystem"", ""name"": ""ANode"", ""manufacturer"": ""Jane and Graham""}, ""unique_id"": ""energy_consumption_bathroom_dlights_integral_mwh_day_1""}"
energy_consumption_bathroom_dlights_integral_wh_all_dtime_1,Bathroom Lights Energy Consumption Home,,,,haas/sensor/config/sensor/anode/energy_consumption_bathroom_dlights_integral_wh_all_dtime_1/config,"{""unit_of_measurement"": ""Wh"", ""qos"": 1, ""name"": ""Bathroom Lights Energy Consumption Home"", ""value_template"": ""{{value_json.value}}"", ""state_topic"": ""haas/sensor/state/sensor/anode/energy_consumption_bathroom_dlights_integral_wh_all_dtime_1/state"", ""device"": {""connections"": [[""id"", ""C82A1455C70C""]], ""sw_version"": ""1001"", ""model"": ""ASystem"", ""name"": ""ANode"", ""manufacturer"": ""Jane and Graham""}, ""unique_id"": ""energy_consumption_bathroom_dlights_integral_wh_all_dtime_1""}"
energy_consumption_dining_dlights_integral_mwh_day_1,Dining Lights Energy Consumption Dining,,,,haas/sensor/config/sensor/anode/energy_consumption_dining_dlights_integral_mwh_day_1/config,"{""unit_of_measurement"": ""mWh"", ""qos"": 1, ""name"": ""Dining Lights Energy Consumption Dining"", ""value_template"": ""{{value_json.value}}"", ""state_topic"": ""haas/sensor/state/sensor/anode/energy_consumption_dining_dlights_integral_mwh_day_1/state"", ""device"": {""connections"": [[""id"", ""C82A1455C70C""]], ""sw_version"": ""1001"", ""model"": ""ASystem"", ""name"": ""ANode"", ""manufacturer"": ""Jane and Graham""}, ""unique_id"": ""energy_consumption_dining_dlights_integral_mwh_day_1""}"
energy_consumption_dining_dlights_integral_wh_all_dtime_1,Dining Lights Energy Consumption Dining,,,,haas/sensor/config/sensor/anode/energy_consumption_dining_dlights_integral_wh_all_dtime_1/config,"{""unit_of_measurement"": ""Wh"", ""qos"": 1, ""name"": ""Dining Lights Energy Consumption Dining"", ""value_template"": ""{{value_json.value}}"", ""state_topic"": ""haas/sensor/state/sensor/anode/energy_consumption_dining_dlights_integral_wh_all_dtime_1/state"", ""device"": {""connections"": [[""id"", ""C82A1455C70C""]], ""sw_version"": ""1001"", ""model"": ""ASystem"", ""name"": ""ANode"", ""manufacturer"": ""Jane and Graham""}, ""unique_id"": ""energy_consumption_dining_dlights_integral_wh_all_dtime_1""}"
energy_consumption_ensuite_dlights_integral_mwh_day_1,Ensuite Lights Energy Consumption Home,,,,haas/sensor/config/sensor/anode/energy_consumption_ensuite_dlights_integral_mwh_day_1/config,"{""unit_of_measurement"": ""mWh"", ""qos"": 1, ""name"": ""Ensuite Lights Energy Consumption Home"", ""value_template"": ""{{value_json.value}}"", ""state_topic"": ""haas/sensor/state/sensor/anode/energy_consumption_ensuite_dlights_integral_mwh_day_1/state"", ""device"": {""connections"": [[""id"", ""C82A1455C70C""]], ""sw_version"": ""1001"", ""model"": ""ASystem"", ""name"": ""ANode"", ""manufacturer"": ""Jane and Graham""}, ""unique_id"": ""energy_consumption_ensuite_dlights_integral_mwh_day_1""}"
energy_consumption_ensuite_dlights_integral_wh_all_dtime_1,Ensuite Lights Energy Consumption Home,,,,haas/sensor/config/sensor/anode/energy_consumption_ensuite_dlights_integral_wh_all_dtime_1/config,"{""unit_of_measurement"": ""Wh"", ""qos"": 1, ""name"": ""Ensuite Lights Energy Consumption Home"", ""value_template"": ""{{value_json.value}}"", ""state_topic"": ""haas/sensor/state/sensor/anode/energy_consumption_ensuite_dlights_integral_wh_all_dtime_1/state"", ""device"": {""connections"": [[""id"", ""C82A1455C70C""]], ""sw_version"": ""1001"", ""model"": ""ASystem"", ""name"": ""ANode"", ""manufacturer"": ""Jane and Graham""}, ""unique_id"": ""energy_consumption_ensuite_dlights_integral_wh_all_dtime_1""}"
energy_consumption_fan_integral_wh_all_dtime_1,Fan Energy Consumption Home,,,,haas/sensor/config/sensor/anode/energy_consumption_fan_integral_wh_all_dtime_1/config,"{""unit_of_measurement"": ""Wh"", ""qos"": 1, ""name"": ""Fan Energy Consumption Home"", ""value_template"": ""{{value_json.value}}"", ""state_topic"": ""haas/sensor/state/sensor/anode/energy_consumption_fan_integral_wh_all_dtime_1/state"", ""device"": {""connections"": [[""id"", ""C82A1455C70C""]], ""sw_version"": ""1001"", ""model"": ""ASystem"", ""name"": ""ANode"", ""manufacturer"": ""Jane and Graham""}, ""unique_id"": ""energy_consumption_fan_integral_wh_all_dtime_1""}"
energy_consumption_fan_integral_wh_day_1,Fan Energy Consumption Home,,,,haas/sensor/config/sensor/anode/energy_consumption_fan_integral_wh_day_1/config,"{""unit_of_measurement"": ""Wh"", ""qos"": 1, ""name"": ""Fan Energy Consumption Home"", ""value_template"": ""{{value_json.value}}"", ""state_topic"": ""haas/sensor/state/sensor/anode/energy_consumption_fan_integral_wh_day_1/state"", ""device"": {""connections"": [[""id"", ""C82A1455C70C""]], ""sw_version"": ""1001"", ""model"": ""ASystem"", ""name"": ""ANode"", ""manufacturer"": ""Jane and Graham""}, ""unique_id"": ""energy_consumption_fan_integral_wh_day_1""}"
energy_consumption_filter_integral_wh_all_dtime_1,Filter Energy Consumption Home,,,,haas/sensor/config/sensor/anode/energy_consumption_filter_integral_wh_all_dtime_1/config,"{""unit_of_measurement"": ""Wh"", ""qos"": 1, ""name"": ""Filter Energy Consumption Home"", ""value_template"": ""{{value_json.value}}"", ""state_topic"": ""haas/sensor/state/sensor/anode/energy_consumption_filter_integral_wh_all_dtime_1/state"", ""device"": {""connections"": [[""id"", ""C82A1455C70C""]], ""sw_version"": ""1001"", ""model"": ""ASystem"", ""name"": ""ANode"", ""manufacturer"": ""Jane and Graham""}, ""unique_id"": ""energy_consumption_filter_integral_wh_all_dtime_1""}"
energy_consumption_filter_integral_wh_day_1,Filter Energy Consumption Home,,,,haas/sensor/config/sensor/anode/energy_consumption_filter_integral_wh_day_1/config,"{""unit_of_measurement"": ""Wh"", ""qos"": 1, ""name"": ""Filter Energy Consumption Home"", ""value_template"": ""{{value_json.value}}"", ""state_topic"": ""haas/sensor/state/sensor/anode/energy_consumption_filter_integral_wh_day_1/state"", ""device"": {""connections"": [[""id"", ""C82A1455C70C""]], ""sw_version"": ""1001"", ""model"": ""ASystem"", ""name"": ""ANode"", ""manufacturer"": ""Jane and Graham""}, ""unique_id"": ""energy_consumption_filter_integral_wh_day_1""}"
energy_consumption_freezer_integral_wh_all_dtime_1,Freezer Energy Consumption Home,,,,haas/sensor/config/sensor/anode/energy_consumption_freezer_integral_wh_all_dtime_1/config,"{""unit_of_measurement"": ""Wh"", ""qos"": 1, ""name"": ""Freezer Energy Consumption Home"", ""value_template"": ""{{value_json.value}}"", ""state_topic"": ""haas/sensor/state/sensor/anode/energy_consumption_freezer_integral_wh_all_dtime_1/state"", ""device"": {""connections"": [[""id"", ""C82A1455C70C""]], ""sw_version"": ""1001"", ""model"": ""ASystem"", ""name"": ""ANode"", ""manufacturer"": ""Jane and Graham""}, ""unique_id"": ""energy_consumption_freezer_integral_wh_all_dtime_1""}"
energy_consumption_freezer_integral_wh_day_1,Freezer Energy Consumption Home,,,,haas/sensor/config/sensor/anode/energy_consumption_freezer_integral_wh_day_1/config,"{""unit_of_measurement"": ""Wh"", ""qos"": 1, ""name"": ""Freezer Energy Consumption Home"", ""value_template"": ""{{value_json.value}}"", ""state_topic"": ""haas/sensor/state/sensor/anode/energy_consumption_freezer_integral_wh_day_1/state"", ""device"": {""connections"": [[""id"", ""C82A1455C70C""]], ""sw_version"": ""1001"", ""model"": ""ASystem"", ""name"": ""ANode"", ""manufacturer"": ""Jane and Graham""}, ""unique_id"": ""energy_consumption_freezer_integral_wh_day_1""}"
energy_consumption_hallway_dlights_integral_mwh_day_1,Hallway Lights Energy Consumption Home,,,,haas/sensor/config/sensor/anode/energy_consumption_hallway_dlights_integral_mwh_day_1/config,"{""unit_of_measurement"": ""mWh"", ""qos"": 1, ""name"": ""Hallway Lights Energy Consumption Home"", ""value_template"": ""{{value_json.value}}"", ""state_topic"": ""haas/sensor/state/sensor/anode/energy_consumption_hallway_dlights_integral_mwh_day_1/state"", ""device"": {""connections"": [[""id"", ""C82A1455C70C""]], ""sw_version"": ""1001"", ""model"": ""ASystem"", ""name"": ""ANode"", ""manufacturer"": ""Jane and Graham""}, ""unique_id"": ""energy_consumption_hallway_dlights_integral_mwh_day_1""}"
energy_consumption_hallway_dlights_integral_wh_all_dtime_1,Hallway Lights Energy Consumption Home,,,,haas/sensor/config/sensor/anode/energy_consumption_hallway_dlights_integral_wh_all_dtime_1/config,"{""unit_of_measurement"": ""Wh"", ""qos"": 1, ""name"": ""Hallway Lights Energy Consumption Home"", ""value_template"": ""{{value_json.value}}"", ""state_topic"": ""haas/sensor/state/sensor/anode/energy_consumption_hallway_dlights_integral_wh_all_dtime_1/state"", ""device"": {""connections"": [[""id"", ""C82A1455C70C""]], ""sw_version"": ""1001"", ""model"": ""ASystem"", ""name"": ""ANode"", ""manufacturer"": ""Jane and Graham""}, ""unique_id"": ""energy_consumption_hallway_dlights_integral_wh_all_dtime_1""}"
energy_consumption_kitchen_dlights_integral_mwh_day_1,Kitchen Lights Energy Consumption Kitchen,,,,haas/sensor/config/sensor/anode/energy_consumption_kitchen_dlights_integral_mwh_day_1/config,"{""unit_of_measurement"": ""mWh"", ""qos"": 1, ""name"": ""Kitchen Lights Energy Consumption Kitchen"", ""value_template"": ""{{value_json.value}}"", ""state_topic"": ""haas/sensor/state/sensor/anode/energy_consumption_kitchen_dlights_integral_mwh_day_1/state"", ""device"": {""connections"": [[""id"", ""C82A1455C70C""]], ""sw_version"": ""1001"", ""model"": ""ASystem"", ""name"": ""ANode"", ""manufacturer"": ""Jane and Graham""}, ""unique_id"": ""energy_consumption_kitchen_dlights_integral_mwh_day_1""}"
energy_consumption_kitchen_dlights_integral_wh_all_dtime_1,Kitchen Lights Energy Consumption Kitchen,,,,haas/sensor/config/sensor/anode/energy_consumption_kitchen_dlights_integral_wh_all_dtime_1/config,"{""unit_of_measurement"": ""Wh"", ""qos"": 1, ""name"": ""Kitchen Lights Energy Consumption Kitchen"", ""value_template"": ""{{value_json.value}}"", ""state_topic"": ""haas/sensor/state/sensor/anode/energy_consumption_kitchen_dlights_integral_wh_all_dtime_1/state"", ""device"": {""connections"": [[""id"", ""C82A1455C70C""]], ""sw_version"": ""1001"", ""model"": ""ASystem"", ""name"": ""ANode"", ""manufacturer"": ""Jane and Graham""}, ""unique_id"": ""energy_consumption_kitchen_dlights_integral_wh_all_dtime_1""}"
energy_consumption_lamp_dlights_integral_mwh_day_1,Lamp Lights Energy Consumption Home,,,,haas/sensor/config/sensor/anode/energy_consumption_lamp_dlights_integral_mwh_day_1/config,"{""unit_of_measurement"": ""mWh"", ""qos"": 1, ""name"": ""Lamp Lights Energy Consumption Home"", ""value_template"": ""{{value_json.value}}"", ""state_topic"": ""haas/sensor/state/sensor/anode/energy_consumption_lamp_dlights_integral_mwh_day_1/state"", ""device"": {""connections"": [[""id"", ""C82A1455C70C""]], ""sw_version"": ""1001"", ""model"": ""ASystem"", ""name"": ""ANode"", ""manufacturer"": ""Jane and Graham""}, ""unique_id"": ""energy_consumption_lamp_dlights_integral_mwh_day_1""}"
energy_consumption_lamp_dlights_integral_wh_all_dtime_1,Lamp Lights Energy Consumption Home,,,,haas/sensor/config/sensor/anode/energy_consumption_lamp_dlights_integral_wh_all_dtime_1/config,"{""unit_of_measurement"": ""Wh"", ""qos"": 1, ""name"": ""Lamp Lights Energy Consumption Home"", ""value_template"": ""{{value_json.value}}"", ""state_topic"": ""haas/sensor/state/sensor/anode/energy_consumption_lamp_dlights_integral_wh_all_dtime_1/state"", ""device"": {""connections"": [[""id"", ""C82A1455C70C""]], ""sw_version"": ""1001"", ""model"": ""ASystem"", ""name"": ""ANode"", ""manufacturer"": ""Jane and Graham""}, ""unique_id"": ""energy_consumption_lamp_dlights_integral_wh_all_dtime_1""}"
energy_consumption_laundry_dlights_integral_mwh_day_1,Laundry Lights Energy Consumption Laundry,,,,haas/sensor/config/sensor/anode/energy_consumption_laundry_dlights_integral_mwh_day_1/config,"{""unit_of_measurement"": ""mWh"", ""qos"": 1, ""name"": ""Laundry Lights Energy Consumption Laundry"", ""value_template"": ""{{value_json.value}}"", ""state_topic"": ""haas/sensor/state/sensor/anode/energy_consumption_laundry_dlights_integral_mwh_day_1/state"", ""device"": {""connections"": [[""id"", ""C82A1455C70C""]], ""sw_version"": ""1001"", ""model"": ""ASystem"", ""name"": ""ANode"", ""manufacturer"": ""Jane and Graham""}, ""unique_id"": ""energy_consumption_laundry_dlights_integral_mwh_day_1""}"
energy_consumption_laundry_dlights_integral_wh_all_dtime_1,Laundry Lights Energy Consumption Laundry,,,,haas/sensor/config/sensor/anode/energy_consumption_laundry_dlights_integral_wh_all_dtime_1/config,"{""unit_of_measurement"": ""Wh"", ""qos"": 1, ""name"": ""Laundry Lights Energy Consumption Laundry"", ""value_template"": ""{{value_json.value}}"", ""state_topic"": ""haas/sensor/state/sensor/anode/energy_consumption_laundry_dlights_integral_wh_all_dtime_1/state"", ""device"": {""connections"": [[""id"", ""C82A1455C70C""]], ""sw_version"": ""1001"", ""model"": ""ASystem"", ""name"": ""ANode"", ""manufacturer"": ""Jane and Graham""}, ""unique_id"": ""energy_consumption_laundry_dlights_integral_wh_all_dtime_1""}"
energy_consumption_lounge_dlights_integral_mwh_day_1,Lounge Lights Energy Consumption Lounge,,,,haas/sensor/config/sensor/anode/energy_consumption_lounge_dlights_integral_mwh_day_1/config,"{""unit_of_measurement"": ""mWh"", ""qos"": 1, ""name"": ""Lounge Lights Energy Consumption Lounge"", ""value_template"": ""{{value_json.value}}"", ""state_topic"": ""haas/sensor/state/sensor/anode/energy_consumption_lounge_dlights_integral_mwh_day_1/state"", ""device"": {""connections"": [[""id"", ""C82A1455C70C""]], ""sw_version"": ""1001"", ""model"": ""ASystem"", ""name"": ""ANode"", ""manufacturer"": ""Jane and Graham""}, ""unique_id"": ""energy_consumption_lounge_dlights_integral_mwh_day_1""}"
energy_consumption_lounge_dlights_integral_wh_all_dtime_1,Lounge Lights Energy Consumption Lounge,,,,haas/sensor/config/sensor/anode/energy_consumption_lounge_dlights_integral_wh_all_dtime_1/config,"{""unit_of_measurement"": ""Wh"", ""qos"": 1, ""name"": ""Lounge Lights Energy Consumption Lounge"", ""value_template"": ""{{value_json.value}}"", ""state_topic"": ""haas/sensor/state/sensor/anode/energy_consumption_lounge_dlights_integral_wh_all_dtime_1/state"", ""device"": {""connections"": [[""id"", ""C82A1455C70C""]], ""sw_version"": ""1001"", ""model"": ""ASystem"", ""name"": ""ANode"", ""manufacturer"": ""Jane and Graham""}, ""unique_id"": ""energy_consumption_lounge_dlights_integral_wh_all_dtime_1""}"
energy_consumption_office_dlights_integral_mwh_day_1,Office Lights Energy Consumption Office,,,,haas/sensor/config/sensor/anode/energy_consumption_office_dlights_integral_mwh_day_1/config,"{""unit_of_measurement"": ""mWh"", ""qos"": 1, ""name"": ""Office Lights Energy Consumption Office"", ""value_template"": ""{{value_json.value}}"", ""state_topic"": ""haas/sensor/state/sensor/anode/energy_consumption_office_dlights_integral_mwh_day_1/state"", ""device"": {""connections"": [[""id"", ""C82A1455C70C""]], ""sw_version"": ""1001"", ""model"": ""ASystem"", ""name"": ""ANode"", ""manufacturer"": ""Jane and Graham""}, ""unique_id"": ""energy_consumption_office_dlights_integral_mwh_day_1""}"
energy_consumption_office_dlights_integral_wh_all_dtime_1,Office Lights Energy Consumption Office,,,,haas/sensor/config/sensor/anode/energy_consumption_office_dlights_integral_wh_all_dtime_1/config,"{""unit_of_measurement"": ""Wh"", ""qos"": 1, ""name"": ""Office Lights Energy Consumption Office"", ""value_template"": ""{{value_json.value}}"", ""state_topic"": ""haas/sensor/state/sensor/anode/energy_consumption_office_dlights_integral_wh_all_dtime_1/state"", ""device"": {""connections"": [[""id"", ""C82A1455C70C""]], ""sw_version"": ""1001"", ""model"": ""ASystem"", ""name"": ""ANode"", ""manufacturer"": ""Jane and Graham""}, ""unique_id"": ""energy_consumption_office_dlights_integral_wh_all_dtime_1""}"
energy_consumption_pantry_dlights_integral_mwh_day_1,Pantry Lights Energy Consumption Pantry,,,,haas/sensor/config/sensor/anode/energy_consumption_pantry_dlights_integral_mwh_day_1/config,"{""unit_of_measurement"": ""mWh"", ""qos"": 1, ""name"": ""Pantry Lights Energy Consumption Pantry"", ""value_template"": ""{{value_json.value}}"", ""state_topic"": ""haas/sensor/state/sensor/anode/energy_consumption_pantry_dlights_integral_mwh_day_1/state"", ""device"": {""connections"": [[""id"", ""C82A1455C70C""]], ""sw_version"": ""1001"", ""model"": ""ASystem"", ""name"": ""ANode"", ""manufacturer"": ""Jane and Graham""}, ""unique_id"": ""energy_consumption_pantry_dlights_integral_mwh_day_1""}"
energy_consumption_pantry_dlights_integral_wh_all_dtime_1,Pantry Lights Energy Consumption Pantry,,,,haas/sensor/config/sensor/anode/energy_consumption_pantry_dlights_integral_wh_all_dtime_1/config,"{""unit_of_measurement"": ""Wh"", ""qos"": 1, ""name"": ""Pantry Lights Energy Consumption Pantry"", ""value_template"": ""{{value_json.value}}"", ""state_topic"": ""haas/sensor/state/sensor/anode/energy_consumption_pantry_dlights_integral_wh_all_dtime_1/state"", ""device"": {""connections"": [[""id"", ""C82A1455C70C""]], ""sw_version"": ""1001"", ""model"": ""ASystem"", ""name"": ""ANode"", ""manufacturer"": ""Jane and Graham""}, ""unique_id"": ""energy_consumption_pantry_dlights_integral_wh_all_dtime_1""}"
energy_consumption_parents_dlights_integral_mwh_day_1,Parents Lights Energy Consumption Parents,,,,haas/sensor/config/sensor/anode/energy_consumption_parents_dlights_integral_mwh_day_1/config,"{""unit_of_measurement"": ""mWh"", ""qos"": 1, ""name"": ""Parents Lights Energy Consumption Parents"", ""value_template"": ""{{value_json.value}}"", ""state_topic"": ""haas/sensor/state/sensor/anode/energy_consumption_parents_dlights_integral_mwh_day_1/state"", ""device"": {""connections"": [[""id"", ""C82A1455C70C""]], ""sw_version"": ""1001"", ""model"": ""ASystem"", ""name"": ""ANode"", ""manufacturer"": ""Jane and Graham""}, ""unique_id"": ""energy_consumption_parents_dlights_integral_mwh_day_1""}"
energy_consumption_parents_dlights_integral_wh_all_dtime_1,Parents Lights Energy Consumption Parents,,,,haas/sensor/config/sensor/anode/energy_consumption_parents_dlights_integral_wh_all_dtime_1/config,"{""unit_of_measurement"": ""Wh"", ""qos"": 1, ""name"": ""Parents Lights Energy Consumption Parents"", ""value_template"": ""{{value_json.value}}"", ""state_topic"": ""haas/sensor/state/sensor/anode/energy_consumption_parents_dlights_integral_wh_all_dtime_1/state"", ""device"": {""connections"": [[""id"", ""C82A1455C70C""]], ""sw_version"": ""1001"", ""model"": ""ASystem"", ""name"": ""ANode"", ""manufacturer"": ""Jane and Graham""}, ""unique_id"": ""energy_consumption_parents_dlights_integral_wh_all_dtime_1""}"
energy_consumption_servers_integral_wh_all_dtime_1,Servers Energy Consumption Home,,,,haas/sensor/config/sensor/anode/energy_consumption_servers_integral_wh_all_dtime_1/config,"{""unit_of_measurement"": ""Wh"", ""qos"": 1, ""name"": ""Servers Energy Consumption Home"", ""value_template"": ""{{value_json.value}}"", ""state_topic"": ""haas/sensor/state/sensor/anode/energy_consumption_servers_integral_wh_all_dtime_1/state"", ""device"": {""connections"": [[""id"", ""C82A1455C70C""]], ""sw_version"": ""1001"", ""model"": ""ASystem"", ""name"": ""ANode"", ""manufacturer"": ""Jane and Graham""}, ""unique_id"": ""energy_consumption_servers_integral_wh_all_dtime_1""}"
energy_consumption_servers_integral_wh_day_1,Servers Energy Consumption Home,,,,haas/sensor/config/sensor/anode/energy_consumption_servers_integral_wh_day_1/config,"{""unit_of_measurement"": ""Wh"", ""qos"": 1, ""name"": ""Servers Energy Consumption Home"", ""value_template"": ""{{value_json.value}}"", ""state_topic"": ""haas/sensor/state/sensor/anode/energy_consumption_servers_integral_wh_day_1/state"", ""device"": {""connections"": [[""id"", ""C82A1455C70C""]], ""sw_version"": ""1001"", ""model"": ""ASystem"", ""name"": ""ANode"", ""manufacturer"": ""Jane and Graham""}, ""unique_id"": ""energy_consumption_servers_integral_wh_day_1""}"
energy_consumption_wardrobe_dlights_integral_mwh_day_1,Wardrobe Lights Energy Consumption Home,,,,haas/sensor/config/sensor/anode/energy_consumption_wardrobe_dlights_integral_mwh_day_1/config,"{""unit_of_measurement"": ""mWh"", ""qos"": 1, ""name"": ""Wardrobe Lights Energy Consumption Home"", ""value_template"": ""{{value_json.value}}"", ""state_topic"": ""haas/sensor/state/sensor/anode/energy_consumption_wardrobe_dlights_integral_mwh_day_1/state"", ""device"": {""connections"": [[""id"", ""C82A1455C70C""]], ""sw_version"": ""1001"", ""model"": ""ASystem"", ""name"": ""ANode"", ""manufacturer"": ""Jane and Graham""}, ""unique_id"": ""energy_consumption_wardrobe_dlights_integral_mwh_day_1""}"
energy_consumption_wardrobe_dlights_integral_wh_all_dtime_1,Wardrobe Lights Energy Consumption Home,,,,haas/sensor/config/sensor/anode/energy_consumption_wardrobe_dlights_integral_wh_all_dtime_1/config,"{""unit_of_measurement"": ""Wh"", ""qos"": 1, ""name"": ""Wardrobe Lights Energy Consumption Home"", ""value_template"": ""{{value_json.value}}"", ""state_topic"": ""haas/sensor/state/sensor/anode/energy_consumption_wardrobe_dlights_integral_wh_all_dtime_1/state"", ""device"": {""connections"": [[""id"", ""C82A1455C70C""]], ""sw_version"": ""1001"", ""model"": ""ASystem"", ""name"": ""ANode"", ""manufacturer"": ""Jane and Graham""}, ""unique_id"": ""energy_consumption_wardrobe_dlights_integral_wh_all_dtime_1""}"
health_dindex_indoor_ada_point_scalar_second_50,Ada Health Index Indoor Ada,,,,haas/sensor/config/sensor/anode/health_dindex_indoor_ada_point_scalar_second_50/config,"{""unit_of_measurement"": ""scalar"", ""qos"": 1, ""name"": ""Ada Health Index Indoor Ada"", ""value_template"": ""{{value_json.value}}"", ""state_topic"": ""haas/sensor/state/sensor/anode/health_dindex_indoor_ada_point_scalar_second_50/state"", ""device"": {""connections"": [[""id"", ""C82A1455C70C""]], ""sw_version"": ""1001"", ""model"": ""ASystem"", ""name"": ""ANode"", ""manufacturer"": ""Jane and Graham""}, ""unique_id"": ""health_dindex_indoor_ada_point_scalar_second_50""}"
health_dindex_indoor_edwin_point_scalar_second_50,Edwin Health Index Indoor Edwin,,,,haas/sensor/config/sensor/anode/health_dindex_indoor_edwin_point_scalar_second_50/config,"{""unit_of_measurement"": ""scalar"", ""qos"": 1, ""name"": ""Edwin Health Index Indoor Edwin"", ""value_template"": ""{{value_json.value}}"", ""state_topic"": ""haas/sensor/state/sensor/anode/health_dindex_indoor_edwin_point_scalar_second_50/state"", ""device"": {""connections"": [[""id"", ""C82A1455C70C""]], ""sw_version"": ""1001"", ""model"": ""ASystem"", ""name"": ""ANode"", ""manufacturer"": ""Jane and Graham""}, ""unique_id"": ""health_dindex_indoor_edwin_point_scalar_second_50""}"
health_dindex_indoor_laundry_point_scalar_second_50,Laundry Health Index Indoor Laundry,,,,haas/sensor/config/sensor/anode/health_dindex_indoor_laundry_point_scalar_second_50/config,"{""unit_of_measurement"": ""scalar"", ""qos"": 1, ""name"": ""Laundry Health Index Indoor Laundry"", ""value_template"": ""{{value_json.value}}"", ""state_topic"": ""haas/sensor/state/sensor/anode/health_dindex_indoor_laundry_point_scalar_second_50/state"", ""device"": {""connections"": [[""id"", ""C82A1455C70C""]], ""sw_version"": ""1001"", ""model"": ""ASystem"", ""name"": ""ANode"", ""manufacturer"": ""Jane and Graham""}, ""unique_id"": ""health_dindex_indoor_laundry_point_scalar_second_50""}"
health_dindex_indoor_parents_point_scalar_second_50,Parents Health Index Indoor Parents,,,,haas/sensor/config/sensor/anode/health_dindex_indoor_parents_point_scalar_second_50/config,"{""unit_of_measurement"": ""scalar"", ""qos"": 1, ""name"": ""Parents Health Index Indoor Parents"", ""value_template"": ""{{value_json.value}}"", ""state_topic"": ""haas/sensor/state/sensor/anode/health_dindex_indoor_parents_point_scalar_second_50/state"", ""device"": {""connections"": [[""id"", ""C82A1455C70C""]], ""sw_version"": ""1001"", ""model"": ""ASystem"", ""name"": ""ANode"", ""manufacturer"": ""Jane and Graham""}, ""unique_id"": ""health_dindex_indoor_parents_point_scalar_second_50""}"
heatindex_outdoor_roof_point_scalar_second_2,Roof Heatindex Outdoor Roof,,,,haas/sensor/config/sensor/anode/heatindex_outdoor_roof_point_scalar_second_2/config,"{""unit_of_measurement"": ""scalar"", ""qos"": 1, ""name"": ""Roof Heatindex Outdoor Roof"", ""value_template"": ""{{value_json.value}}"", ""state_topic"": ""haas/sensor/state/sensor/anode/heatindex_outdoor_roof_point_scalar_second_2/state"", ""device"": {""connections"": [[""id"", ""C82A1455C70C""]], ""sw_version"": ""1001"", ""model"": ""ASystem"", ""name"": ""ANode"", ""manufacturer"": ""Jane and Graham""}, ""unique_id"": ""heatindex_outdoor_roof_point_scalar_second_2""}"
humidity_indoor_ada_point_p25_second_50,Ada Humidity Indoor Ada,,,,haas/sensor/config/sensor/anode/humidity_indoor_ada_point_p25_second_50/config,"{""unit_of_measurement"": ""%"", ""qos"": 1, ""name"": ""Ada Humidity Indoor Ada"", ""value_template"": ""{{value_json.value}}"", ""state_topic"": ""haas/sensor/state/sensor/anode/humidity_indoor_ada_point_p25_second_50/state"", ""device"": {""connections"": [[""id"", ""C82A1455C70C""]], ""sw_version"": ""1001"", ""model"": ""ASystem"", ""name"": ""ANode"", ""manufacturer"": ""Jane and Graham""}, ""unique_id"": ""humidity_indoor_ada_point_p25_second_50""}"
humidity_indoor_dining_point_p25_second_50,Dining Humidity Indoor Dining,,,,haas/sensor/config/sensor/anode/humidity_indoor_dining_point_p25_second_50/config,"{""unit_of_measurement"": ""%"", ""qos"": 1, ""name"": ""Dining Humidity Indoor Dining"", ""value_template"": ""{{value_json.value}}"", ""state_topic"": ""haas/sensor/state/sensor/anode/humidity_indoor_dining_point_p25_second_50/state"", ""device"": {""connections"": [[""id"", ""C82A1455C70C""]], ""sw_version"": ""1001"", ""model"": ""ASystem"", ""name"": ""ANode"", ""manufacturer"": ""Jane and Graham""}, ""unique_id"": ""humidity_indoor_dining_point_p25_second_50""}"
humidity_indoor_edwin_point_p25_second_50,Edwin Humidity Indoor Edwin,,,,haas/sensor/config/sensor/anode/humidity_indoor_edwin_point_p25_second_50/config,"{""unit_of_measurement"": ""%"", ""qos"": 1, ""name"": ""Edwin Humidity Indoor Edwin"", ""value_template"": ""{{value_json.value}}"", ""state_topic"": ""haas/sensor/state/sensor/anode/humidity_indoor_edwin_point_p25_second_50/state"", ""device"": {""connections"": [[""id"", ""C82A1455C70C""]], ""sw_version"": ""1001"", ""model"": ""ASystem"", ""name"": ""ANode"", ""manufacturer"": ""Jane and Graham""}, ""unique_id"": ""humidity_indoor_edwin_point_p25_second_50""}"
humidity_indoor_kitchen_point_p25_second_50,Kitchen Humidity Indoor Kitchen,,,,haas/sensor/config/sensor/anode/humidity_indoor_kitchen_point_p25_second_50/config,"{""unit_of_measurement"": ""%"", ""qos"": 1, ""name"": ""Kitchen Humidity Indoor Kitchen"", ""value_template"": ""{{value_json.value}}"", ""state_topic"": ""haas/sensor/state/sensor/anode/humidity_indoor_kitchen_point_p25_second_50/state"", ""device"": {""connections"": [[""id"", ""C82A1455C70C""]], ""sw_version"": ""1001"", ""model"": ""ASystem"", ""name"": ""ANode"", ""manufacturer"": ""Jane and Graham""}, ""unique_id"": ""humidity_indoor_kitchen_point_p25_second_50""}"
humidity_indoor_laundry_point_p25_second_50,Laundry Humidity Indoor Laundry,,,,haas/sensor/config/sensor/anode/humidity_indoor_laundry_point_p25_second_50/config,"{""unit_of_measurement"": ""%"", ""qos"": 1, ""name"": ""Laundry Humidity Indoor Laundry"", ""value_template"": ""{{value_json.value}}"", ""state_topic"": ""haas/sensor/state/sensor/anode/humidity_indoor_laundry_point_p25_second_50/state"", ""device"": {""connections"": [[""id"", ""C82A1455C70C""]], ""sw_version"": ""1001"", ""model"": ""ASystem"", ""name"": ""ANode"", ""manufacturer"": ""Jane and Graham""}, ""unique_id"": ""humidity_indoor_laundry_point_p25_second_50""}"
humidity_indoor_lounge_point_p25_second_50,Lounge Humidity Indoor Lounge,,,,haas/sensor/config/sensor/anode/humidity_indoor_lounge_point_p25_second_50/config,"{""unit_of_measurement"": ""%"", ""qos"": 1, ""name"": ""Lounge Humidity Indoor Lounge"", ""value_template"": ""{{value_json.value}}"", ""state_topic"": ""haas/sensor/state/sensor/anode/humidity_indoor_lounge_point_p25_second_50/state"", ""device"": {""connections"": [[""id"", ""C82A1455C70C""]], ""sw_version"": ""1001"", ""model"": ""ASystem"", ""name"": ""ANode"", ""manufacturer"": ""Jane and Graham""}, ""unique_id"": ""humidity_indoor_lounge_point_p25_second_50""}"
humidity_indoor_office_point_p25_second_50,Office Humidity Indoor Office,,,,haas/sensor/config/sensor/anode/humidity_indoor_office_point_p25_second_50/config,"{""unit_of_measurement"": ""%"", ""qos"": 1, ""name"": ""Office Humidity Indoor Office"", ""value_template"": ""{{value_json.value}}"", ""state_topic"": ""haas/sensor/state/sensor/anode/humidity_indoor_office_point_p25_second_50/state"", ""device"": {""connections"": [[""id"", ""C82A1455C70C""]], ""sw_version"": ""1001"", ""model"": ""ASystem"", ""name"": ""ANode"", ""manufacturer"": ""Jane and Graham""}, ""unique_id"": ""humidity_indoor_office_point_p25_second_50""}"
humidity_indoor_pantry_point_p25_second_50,Pantry Humidity Indoor Pantry,,,,haas/sensor/config/sensor/anode/humidity_indoor_pantry_point_p25_second_50/config,"{""unit_of_measurement"": ""%"", ""qos"": 1, ""name"": ""Pantry Humidity Indoor Pantry"", ""value_template"": ""{{value_json.value}}"", ""state_topic"": ""haas/sensor/state/sensor/anode/humidity_indoor_pantry_point_p25_second_50/state"", ""device"": {""connections"": [[""id"", ""C82A1455C70C""]], ""sw_version"": ""1001"", ""model"": ""ASystem"", ""name"": ""ANode"", ""manufacturer"": ""Jane and Graham""}, ""unique_id"": ""humidity_indoor_pantry_point_p25_second_50""}"
humidity_indoor_parents_point_p25_second_50,Parents Humidity Indoor Parents,,,,haas/sensor/config/sensor/anode/humidity_indoor_parents_point_p25_second_50/config,"{""unit_of_measurement"": ""%"", ""qos"": 1, ""name"": ""Parents Humidity Indoor Parents"", ""value_template"": ""{{value_json.value}}"", ""state_topic"": ""haas/sensor/state/sensor/anode/humidity_indoor_parents_point_p25_second_50/state"", ""device"": {""connections"": [[""id"", ""C82A1455C70C""]], ""sw_version"": ""1001"", ""model"": ""ASystem"", ""name"": ""ANode"", ""manufacturer"": ""Jane and Graham""}, ""unique_id"": ""humidity_indoor_parents_point_p25_second_50""}"
humidity_indoor_utility_point_p25_second_2,Utility Humidity Indoor Utility,,,,haas/sensor/config/sensor/anode/humidity_indoor_utility_point_p25_second_2/config,"{""unit_of_measurement"": ""%"", ""qos"": 1, ""name"": ""Utility Humidity Indoor Utility"", ""value_template"": ""{{value_json.value}}"", ""state_topic"": ""haas/sensor/state/sensor/anode/humidity_indoor_utility_point_p25_second_2/state"", ""device"": {""connections"": [[""id"", ""C82A1455C70C""]], ""sw_version"": ""1001"", ""model"": ""ASystem"", ""name"": ""ANode"", ""manufacturer"": ""Jane and Graham""}, ""unique_id"": ""humidity_indoor_utility_point_p25_second_2""}"
humidity_outdoor_basement_point_p25_second_50,Basement Humidity Outdoor Basement,,,,haas/sensor/config/sensor/anode/humidity_outdoor_basement_point_p25_second_50/config,"{""unit_of_measurement"": ""%"", ""qos"": 1, ""name"": ""Basement Humidity Outdoor Basement"", ""value_template"": ""{{value_json.value}}"", ""state_topic"": ""haas/sensor/state/sensor/anode/humidity_outdoor_basement_point_p25_second_50/state"", ""device"": {""connections"": [[""id"", ""C82A1455C70C""]], ""sw_version"": ""1001"", ""model"": ""ASystem"", ""name"": ""ANode"", ""manufacturer"": ""Jane and Graham""}, ""unique_id"": ""humidity_outdoor_basement_point_p25_second_50""}"
humidity_outdoor_deck_point_p25_second_50,Deck Humidity Outdoor Deck,,,,haas/sensor/config/sensor/anode/humidity_outdoor_deck_point_p25_second_50/config,"{""unit_of_measurement"": ""%"", ""qos"": 1, ""name"": ""Deck Humidity Outdoor Deck"", ""value_template"": ""{{value_json.value}}"", ""state_topic"": ""haas/sensor/state/sensor/anode/humidity_outdoor_deck_point_p25_second_50/state"", ""device"": {""connections"": [[""id"", ""C82A1455C70C""]], ""sw_version"": ""1001"", ""model"": ""ASystem"", ""name"": ""ANode"", ""manufacturer"": ""Jane and Graham""}, ""unique_id"": ""humidity_outdoor_deck_point_p25_second_50""}"
humidity_outdoor_roof_point_p25_second_2,Roof Humidity Outdoor Roof,,,,haas/sensor/config/sensor/anode/humidity_outdoor_roof_point_p25_second_2/config,"{""unit_of_measurement"": ""%"", ""qos"": 1, ""name"": ""Roof Humidity Outdoor Roof"", ""value_template"": ""{{value_json.value}}"", ""state_topic"": ""haas/sensor/state/sensor/anode/humidity_outdoor_roof_point_p25_second_2/state"", ""device"": {""connections"": [[""id"", ""C82A1455C70C""]], ""sw_version"": ""1001"", ""model"": ""ASystem"", ""name"": ""ANode"", ""manufacturer"": ""Jane and Graham""}, ""unique_id"": ""humidity_outdoor_roof_point_p25_second_2""}"
internet_speed_dtest_download_dlondon_point_mb_p2fs_hour_4,Download London Internet Speed Test Home,,,,haas/sensor/config/sensor/anode/internet_speed_dtest_download_dlondon_point_mb_p2fs_hour_4/config,"{""unit_of_measurement"": ""MB/s"", ""qos"": 1, ""name"": ""Download London Internet Speed Test Home"", ""value_template"": ""{{value_json.value}}"", ""state_topic"": ""haas/sensor/state/sensor/anode/internet_speed_dtest_download_dlondon_point_mb_p2fs_hour_4/state"", ""device"": {""connections"": [[""id"", ""C82A1455C70C""]], ""sw_version"": ""1001"", ""model"": ""ASystem"", ""name"": ""ANode"", ""manufacturer"": ""Jane and Graham""}, ""unique_id"": ""internet_speed_dtest_download_dlondon_point_mb_p2fs_hour_4""}"
internet_speed_dtest_download_dnew_dyork_dcity_point_mb_p2fs_hour_4,Download New York City Internet Speed Test Home,,,,haas/sensor/config/sensor/anode/internet_speed_dtest_download_dnew_dyork_dcity_point_mb_p2fs_hour_4/config,"{""unit_of_measurement"": ""MB/s"", ""qos"": 1, ""name"": ""Download New York City Internet Speed Test Home"", ""value_template"": ""{{value_json.value}}"", ""state_topic"": ""haas/sensor/state/sensor/anode/internet_speed_dtest_download_dnew_dyork_dcity_point_mb_p2fs_hour_4/state"", ""device"": {""connections"": [[""id"", ""C82A1455C70C""]], ""sw_version"": ""1001"", ""model"": ""ASystem"", ""name"": ""ANode"", ""manufacturer"": ""Jane and Graham""}, ""unique_id"": ""internet_speed_dtest_download_dnew_dyork_dcity_point_mb_p2fs_hour_4""}"
internet_speed_dtest_download_dperth_point_mb_p2fs_hour_4,Download Perth Internet Speed Test Home,,,,haas/sensor/config/sensor/anode/internet_speed_dtest_download_dperth_point_mb_p2fs_hour_4/config,"{""unit_of_measurement"": ""MB/s"", ""qos"": 1, ""name"": ""Download Perth Internet Speed Test Home"", ""value_template"": ""{{value_json.value}}"", ""state_topic"": ""haas/sensor/state/sensor/anode/internet_speed_dtest_download_dperth_point_mb_p2fs_hour_4/state"", ""device"": {""connections"": [[""id"", ""C82A1455C70C""]], ""sw_version"": ""1001"", ""model"": ""ASystem"", ""name"": ""ANode"", ""manufacturer"": ""Jane and Graham""}, ""unique_id"": ""internet_speed_dtest_download_dperth_point_mb_p2fs_hour_4""}"
internet_speed_dtest_ping_dlondon_point_ms_minute_5,Ping London Internet Speed Test Home,,,,haas/sensor/config/sensor/anode/internet_speed_dtest_ping_dlondon_point_ms_minute_5/config,"{""unit_of_measurement"": ""ms"", ""qos"": 1, ""name"": ""Ping London Internet Speed Test Home"", ""value_template"": ""{{value_json.value}}"", ""state_topic"": ""haas/sensor/state/sensor/anode/internet_speed_dtest_ping_dlondon_point_ms_minute_5/state"", ""device"": {""connections"": [[""id"", ""C82A1455C70C""]], ""sw_version"": ""1001"", ""model"": ""ASystem"", ""name"": ""ANode"", ""manufacturer"": ""Jane and Graham""}, ""unique_id"": ""internet_speed_dtest_ping_dlondon_point_ms_minute_5""}"
internet_speed_dtest_ping_dnew_dyork_dcity_point_ms_minute_5,Ping New York City Internet Speed Test Home,,,,haas/sensor/config/sensor/anode/internet_speed_dtest_ping_dnew_dyork_dcity_point_ms_minute_5/config,"{""unit_of_measurement"": ""ms"", ""qos"": 1, ""name"": ""Ping New York City Internet Speed Test Home"", ""value_template"": ""{{value_json.value}}"", ""state_topic"": ""haas/sensor/state/sensor/anode/internet_speed_dtest_ping_dnew_dyork_dcity_point_ms_minute_5/state"", ""device"": {""connections"": [[""id"", ""C82A1455C70C""]], ""sw_version"": ""1001"", ""model"": ""ASystem"", ""name"": ""ANode"", ""manufacturer"": ""Jane and Graham""}, ""unique_id"": ""internet_speed_dtest_ping_dnew_dyork_dcity_point_ms_minute_5""}"
internet_speed_dtest_ping_dperth_point_ms_minute_5,Ping Perth Internet Speed Test Home,,,,haas/sensor/config/sensor/anode/internet_speed_dtest_ping_dperth_point_ms_minute_5/config,"{""unit_of_measurement"": ""ms"", ""qos"": 1, ""name"": ""Ping Perth Internet Speed Test Home"", ""value_template"": ""{{value_json.value}}"", ""state_topic"": ""haas/sensor/state/sensor/anode/internet_speed_dtest_ping_dperth_point_ms_minute_5/state"", ""device"": {""connections"": [[""id"", ""C82A1455C70C""]], ""sw_version"": ""1001"", ""model"": ""ASystem"", ""name"": ""ANode"", ""manufacturer"": ""Jane and Graham""}, ""unique_id"": ""internet_speed_dtest_ping_dperth_point_ms_minute_5""}"
internet_speed_dtest_upload_dlondon_point_kb_p2fs_hour_4,Upload London Internet Speed Test Home,,,,haas/sensor/config/sensor/anode/internet_speed_dtest_upload_dlondon_point_kb_p2fs_hour_4/config,"{""unit_of_measurement"": ""KB/s"", ""qos"": 1, ""name"": ""Upload London Internet Speed Test Home"", ""value_template"": ""{{value_json.value}}"", ""state_topic"": ""haas/sensor/state/sensor/anode/internet_speed_dtest_upload_dlondon_point_kb_p2fs_hour_4/state"", ""device"": {""connections"": [[""id"", ""C82A1455C70C""]], ""sw_version"": ""1001"", ""model"": ""ASystem"", ""name"": ""ANode"", ""manufacturer"": ""Jane and Graham""}, ""unique_id"": ""internet_speed_dtest_upload_dlondon_point_kb_p2fs_hour_4""}"
internet_speed_dtest_upload_dnew_dyork_dcity_point_kb_p2fs_hour_4,Upload New York City Internet Speed Test Home,,,,haas/sensor/config/sensor/anode/internet_speed_dtest_upload_dnew_dyork_dcity_point_kb_p2fs_hour_4/config,"{""unit_of_measurement"": ""KB/s"", ""qos"": 1, ""name"": ""Upload New York City Internet Speed Test Home"", ""value_template"": ""{{value_json.value}}"", ""state_topic"": ""haas/sensor/state/sensor/anode/internet_speed_dtest_upload_dnew_dyork_dcity_point_kb_p2fs_hour_4/state"", ""device"": {""connections"": [[""id"", ""C82A1455C70C""]], ""sw_version"": ""1001"", ""model"": ""ASystem"", ""name"": ""ANode"", ""manufacturer"": ""Jane and Graham""}, ""unique_id"": ""internet_speed_dtest_upload_dnew_dyork_dcity_point_kb_p2fs_hour_4""}"
internet_speed_dtest_upload_dperth_point_kb_p2fs_hour_4,Upload Perth Internet Speed Test Home,,,,haas/sensor/config/sensor/anode/internet_speed_dtest_upload_dperth_point_kb_p2fs_hour_4/config,"{""unit_of_measurement"": ""KB/s"", ""qos"": 1, ""name"": ""Upload Perth Internet Speed Test Home"", ""value_template"": ""{{value_json.value}}"", ""state_topic"": ""haas/sensor/state/sensor/anode/internet_speed_dtest_upload_dperth_point_kb_p2fs_hour_4/state"", ""device"": {""connections"": [[""id"", ""C82A1455C70C""]], ""sw_version"": ""1001"", ""model"": ""ASystem"", ""name"": ""ANode"", ""manufacturer"": ""Jane and Graham""}, ""unique_id"": ""internet_speed_dtest_upload_dperth_point_kb_p2fs_hour_4""}"
noise_indoor_ada_point_db_second_50,Ada Noise Indoor Ada,,,,haas/sensor/config/sensor/anode/noise_indoor_ada_point_db_second_50/config,"{""unit_of_measurement"": ""dB"", ""qos"": 1, ""name"": ""Ada Noise Indoor Ada"", ""value_template"": ""{{value_json.value}}"", ""state_topic"": ""haas/sensor/state/sensor/anode/noise_indoor_ada_point_db_second_50/state"", ""device"": {""connections"": [[""id"", ""C82A1455C70C""]], ""sw_version"": ""1001"", ""model"": ""ASystem"", ""name"": ""ANode"", ""manufacturer"": ""Jane and Graham""}, ""unique_id"": ""noise_indoor_ada_point_db_second_50""}"
noise_indoor_edwin_point_db_second_50,Edwin Noise Indoor Edwin,,,,haas/sensor/config/sensor/anode/noise_indoor_edwin_point_db_second_50/config,"{""unit_of_measurement"": ""dB"", ""qos"": 1, ""name"": ""Edwin Noise Indoor Edwin"", ""value_template"": ""{{value_json.value}}"", ""state_topic"": ""haas/sensor/state/sensor/anode/noise_indoor_edwin_point_db_second_50/state"", ""device"": {""connections"": [[""id"", ""C82A1455C70C""]], ""sw_version"": ""1001"", ""model"": ""ASystem"", ""name"": ""ANode"", ""manufacturer"": ""Jane and Graham""}, ""unique_id"": ""noise_indoor_edwin_point_db_second_50""}"
noise_indoor_kitchen_point_db_second_50,Kitchen Noise Indoor Kitchen,,,,haas/sensor/config/sensor/anode/noise_indoor_kitchen_point_db_second_50/config,"{""unit_of_measurement"": ""dB"", ""qos"": 1, ""name"": ""Kitchen Noise Indoor Kitchen"", ""value_template"": ""{{value_json.value}}"", ""state_topic"": ""haas/sensor/state/sensor/anode/noise_indoor_kitchen_point_db_second_50/state"", ""device"": {""connections"": [[""id"", ""C82A1455C70C""]], ""sw_version"": ""1001"", ""model"": ""ASystem"", ""name"": ""ANode"", ""manufacturer"": ""Jane and Graham""}, ""unique_id"": ""noise_indoor_kitchen_point_db_second_50""}"
noise_indoor_laundry_point_db_second_50,Laundry Noise Indoor Laundry,,,,haas/sensor/config/sensor/anode/noise_indoor_laundry_point_db_second_50/config,"{""unit_of_measurement"": ""dB"", ""qos"": 1, ""name"": ""Laundry Noise Indoor Laundry"", ""value_template"": ""{{value_json.value}}"", ""state_topic"": ""haas/sensor/state/sensor/anode/noise_indoor_laundry_point_db_second_50/state"", ""device"": {""connections"": [[""id"", ""C82A1455C70C""]], ""sw_version"": ""1001"", ""model"": ""ASystem"", ""name"": ""ANode"", ""manufacturer"": ""Jane and Graham""}, ""unique_id"": ""noise_indoor_laundry_point_db_second_50""}"
noise_indoor_office_point_db_second_50,Office Noise Indoor Office,,,,haas/sensor/config/sensor/anode/noise_indoor_office_point_db_second_50/config,"{""unit_of_measurement"": ""dB"", ""qos"": 1, ""name"": ""Office Noise Indoor Office"", ""value_template"": ""{{value_json.value}}"", ""state_topic"": ""haas/sensor/state/sensor/anode/noise_indoor_office_point_db_second_50/state"", ""device"": {""connections"": [[""id"", ""C82A1455C70C""]], ""sw_version"": ""1001"", ""model"": ""ASystem"", ""name"": ""ANode"", ""manufacturer"": ""Jane and Graham""}, ""unique_id"": ""noise_indoor_office_point_db_second_50""}"
noise_indoor_parents_point_db_second_50,Parents Noise Indoor Parents,,,,haas/sensor/config/sensor/anode/noise_indoor_parents_point_db_second_50/config,"{""unit_of_measurement"": ""dB"", ""qos"": 1, ""name"": ""Parents Noise Indoor Parents"", ""value_template"": ""{{value_json.value}}"", ""state_topic"": ""haas/sensor/state/sensor/anode/noise_indoor_parents_point_db_second_50/state"", ""device"": {""connections"": [[""id"", ""C82A1455C70C""]], ""sw_version"": ""1001"", ""model"": ""ASystem"", ""name"": ""ANode"", ""manufacturer"": ""Jane and Graham""}, ""unique_id"": ""noise_indoor_parents_point_db_second_50""}"
power_consumption_bathroom_dlights_point_w_second_1,Bathroom Lights Power Consumption Home,,,,haas/sensor/config/sensor/anode/power_consumption_bathroom_dlights_point_w_second_1/config,"{""unit_of_measurement"": ""W"", ""qos"": 1, ""name"": ""Bathroom Lights Power Consumption Home"", ""value_template"": ""{{value_json.value}}"", ""state_topic"": ""haas/sensor/state/sensor/anode/power_consumption_bathroom_dlights_point_w_second_1/state"", ""device"": {""connections"": [[""id"", ""C82A1455C70C""]], ""sw_version"": ""1001"", ""model"": ""ASystem"", ""name"": ""ANode"", ""manufacturer"": ""Jane and Graham""}, ""unique_id"": ""power_consumption_bathroom_dlights_point_w_second_1""}"
power_consumption_dining_dlights_point_w_second_1,Dining Lights Power Consumption Dining,,,,haas/sensor/config/sensor/anode/power_consumption_dining_dlights_point_w_second_1/config,"{""unit_of_measurement"": ""W"", ""qos"": 1, ""name"": ""Dining Lights Power Consumption Dining"", ""value_template"": ""{{value_json.value}}"", ""state_topic"": ""haas/sensor/state/sensor/anode/power_consumption_dining_dlights_point_w_second_1/state"", ""device"": {""connections"": [[""id"", ""C82A1455C70C""]], ""sw_version"": ""1001"", ""model"": ""ASystem"", ""name"": ""ANode"", ""manufacturer"": ""Jane and Graham""}, ""unique_id"": ""power_consumption_dining_dlights_point_w_second_1""}"
power_consumption_ensuite_dlights_point_w_second_1,Ensuite Lights Power Consumption Home,,,,haas/sensor/config/sensor/anode/power_consumption_ensuite_dlights_point_w_second_1/config,"{""unit_of_measurement"": ""W"", ""qos"": 1, ""name"": ""Ensuite Lights Power Consumption Home"", ""value_template"": ""{{value_json.value}}"", ""state_topic"": ""haas/sensor/state/sensor/anode/power_consumption_ensuite_dlights_point_w_second_1/state"", ""device"": {""connections"": [[""id"", ""C82A1455C70C""]], ""sw_version"": ""1001"", ""model"": ""ASystem"", ""name"": ""ANode"", ""manufacturer"": ""Jane and Graham""}, ""unique_id"": ""power_consumption_ensuite_dlights_point_w_second_1""}"
power_consumption_fan_point_w_second_1,Fan Power Consumption Home,,,,haas/sensor/config/sensor/anode/power_consumption_fan_point_w_second_1/config,"{""unit_of_measurement"": ""W"", ""qos"": 1, ""name"": ""Fan Power Consumption Home"", ""value_template"": ""{{value_json.value}}"", ""state_topic"": ""haas/sensor/state/sensor/anode/power_consumption_fan_point_w_second_1/state"", ""device"": {""connections"": [[""id"", ""C82A1455C70C""]], ""sw_version"": ""1001"", ""model"": ""ASystem"", ""name"": ""ANode"", ""manufacturer"": ""Jane and Graham""}, ""unique_id"": ""power_consumption_fan_point_w_second_1""}"
power_consumption_filter_point_w_second_1,Filter Power Consumption Home,,,,haas/sensor/config/sensor/anode/power_consumption_filter_point_w_second_1/config,"{""unit_of_measurement"": ""W"", ""qos"": 1, ""name"": ""Filter Power Consumption Home"", ""value_template"": ""{{value_json.value}}"", ""state_topic"": ""haas/sensor/state/sensor/anode/power_consumption_filter_point_w_second_1/state"", ""device"": {""connections"": [[""id"", ""C82A1455C70C""]], ""sw_version"": ""1001"", ""model"": ""ASystem"", ""name"": ""ANode"", ""manufacturer"": ""Jane and Graham""}, ""unique_id"": ""power_consumption_filter_point_w_second_1""}"
power_consumption_freezer_point_w_second_1,Freezer Power Consumption Home,,,,haas/sensor/config/sensor/anode/power_consumption_freezer_point_w_second_1/config,"{""unit_of_measurement"": ""W"", ""qos"": 1, ""name"": ""Freezer Power Consumption Home"", ""value_template"": ""{{value_json.value}}"", ""state_topic"": ""haas/sensor/state/sensor/anode/power_consumption_freezer_point_w_second_1/state"", ""device"": {""connections"": [[""id"", ""C82A1455C70C""]], ""sw_version"": ""1001"", ""model"": ""ASystem"", ""name"": ""ANode"", ""manufacturer"": ""Jane and Graham""}, ""unique_id"": ""power_consumption_freezer_point_w_second_1""}"
power_consumption_hallway_dlights_point_w_second_1,Hallway Lights Power Consumption Home,,,,haas/sensor/config/sensor/anode/power_consumption_hallway_dlights_point_w_second_1/config,"{""unit_of_measurement"": ""W"", ""qos"": 1, ""name"": ""Hallway Lights Power Consumption Home"", ""value_template"": ""{{value_json.value}}"", ""state_topic"": ""haas/sensor/state/sensor/anode/power_consumption_hallway_dlights_point_w_second_1/state"", ""device"": {""connections"": [[""id"", ""C82A1455C70C""]], ""sw_version"": ""1001"", ""model"": ""ASystem"", ""name"": ""ANode"", ""manufacturer"": ""Jane and Graham""}, ""unique_id"": ""power_consumption_hallway_dlights_point_w_second_1""}"
power_consumption_kitchen_dlights_point_w_second_1,Kitchen Lights Power Consumption Kitchen,,,,haas/sensor/config/sensor/anode/power_consumption_kitchen_dlights_point_w_second_1/config,"{""unit_of_measurement"": ""W"", ""qos"": 1, ""name"": ""Kitchen Lights Power Consumption Kitchen"", ""value_template"": ""{{value_json.value}}"", ""state_topic"": ""haas/sensor/state/sensor/anode/power_consumption_kitchen_dlights_point_w_second_1/state"", ""device"": {""connections"": [[""id"", ""C82A1455C70C""]], ""sw_version"": ""1001"", ""model"": ""ASystem"", ""name"": ""ANode"", ""manufacturer"": ""Jane and Graham""}, ""unique_id"": ""power_consumption_kitchen_dlights_point_w_second_1""}"
power_consumption_lamp_dlights_point_w_second_1,Lamp Lights Power Consumption Home,,,,haas/sensor/config/sensor/anode/power_consumption_lamp_dlights_point_w_second_1/config,"{""unit_of_measurement"": ""W"", ""qos"": 1, ""name"": ""Lamp Lights Power Consumption Home"", ""value_template"": ""{{value_json.value}}"", ""state_topic"": ""haas/sensor/state/sensor/anode/power_consumption_lamp_dlights_point_w_second_1/state"", ""device"": {""connections"": [[""id"", ""C82A1455C70C""]], ""sw_version"": ""1001"", ""model"": ""ASystem"", ""name"": ""ANode"", ""manufacturer"": ""Jane and Graham""}, ""unique_id"": ""power_consumption_lamp_dlights_point_w_second_1""}"
power_consumption_laundry_dlights_point_w_second_1,Laundry Lights Power Consumption Laundry,,,,haas/sensor/config/sensor/anode/power_consumption_laundry_dlights_point_w_second_1/config,"{""unit_of_measurement"": ""W"", ""qos"": 1, ""name"": ""Laundry Lights Power Consumption Laundry"", ""value_template"": ""{{value_json.value}}"", ""state_topic"": ""haas/sensor/state/sensor/anode/power_consumption_laundry_dlights_point_w_second_1/state"", ""device"": {""connections"": [[""id"", ""C82A1455C70C""]], ""sw_version"": ""1001"", ""model"": ""ASystem"", ""name"": ""ANode"", ""manufacturer"": ""Jane and Graham""}, ""unique_id"": ""power_consumption_laundry_dlights_point_w_second_1""}"
power_consumption_lounge_dlights_point_w_second_1,Lounge Lights Power Consumption Lounge,,,,haas/sensor/config/sensor/anode/power_consumption_lounge_dlights_point_w_second_1/config,"{""unit_of_measurement"": ""W"", ""qos"": 1, ""name"": ""Lounge Lights Power Consumption Lounge"", ""value_template"": ""{{value_json.value}}"", ""state_topic"": ""haas/sensor/state/sensor/anode/power_consumption_lounge_dlights_point_w_second_1/state"", ""device"": {""connections"": [[""id"", ""C82A1455C70C""]], ""sw_version"": ""1001"", ""model"": ""ASystem"", ""name"": ""ANode"", ""manufacturer"": ""Jane and Graham""}, ""unique_id"": ""power_consumption_lounge_dlights_point_w_second_1""}"
power_consumption_office_dlights_point_w_second_1,Office Lights Power Consumption Office,,,,haas/sensor/config/sensor/anode/power_consumption_office_dlights_point_w_second_1/config,"{""unit_of_measurement"": ""W"", ""qos"": 1, ""name"": ""Office Lights Power Consumption Office"", ""value_template"": ""{{value_json.value}}"", ""state_topic"": ""haas/sensor/state/sensor/anode/power_consumption_office_dlights_point_w_second_1/state"", ""device"": {""connections"": [[""id"", ""C82A1455C70C""]], ""sw_version"": ""1001"", ""model"": ""ASystem"", ""name"": ""ANode"", ""manufacturer"": ""Jane and Graham""}, ""unique_id"": ""power_consumption_office_dlights_point_w_second_1""}"
power_consumption_pantry_dlights_point_w_second_1,Pantry Lights Power Consumption Pantry,,,,haas/sensor/config/sensor/anode/power_consumption_pantry_dlights_point_w_second_1/config,"{""unit_of_measurement"": ""W"", ""qos"": 1, ""name"": ""Pantry Lights Power Consumption Pantry"", ""value_template"": ""{{value_json.value}}"", ""state_topic"": ""haas/sensor/state/sensor/anode/power_consumption_pantry_dlights_point_w_second_1/state"", ""device"": {""connections"": [[""id"", ""C82A1455C70C""]], ""sw_version"": ""1001"", ""model"": ""ASystem"", ""name"": ""ANode"", ""manufacturer"": ""Jane and Graham""}, ""unique_id"": ""power_consumption_pantry_dlights_point_w_second_1""}"
power_consumption_parents_dlights_point_w_second_1,Parents Lights Power Consumption Parents,,,,haas/sensor/config/sensor/anode/power_consumption_parents_dlights_point_w_second_1/config,"{""unit_of_measurement"": ""W"", ""qos"": 1, ""name"": ""Parents Lights Power Consumption Parents"", ""value_template"": ""{{value_json.value}}"", ""state_topic"": ""haas/sensor/state/sensor/anode/power_consumption_parents_dlights_point_w_second_1/state"", ""device"": {""connections"": [[""id"", ""C82A1455C70C""]], ""sw_version"": ""1001"", ""model"": ""ASystem"", ""name"": ""ANode"", ""manufacturer"": ""Jane and Graham""}, ""unique_id"": ""power_consumption_parents_dlights_point_w_second_1""}"
power_consumption_servers_point_w_second_1,Servers Power Consumption Home,,,,haas/sensor/config/sensor/anode/power_consumption_servers_point_w_second_1/config,"{""unit_of_measurement"": ""W"", ""qos"": 1, ""name"": ""Servers Power Consumption Home"", ""value_template"": ""{{value_json.value}}"", ""state_topic"": ""haas/sensor/state/sensor/anode/power_consumption_servers_point_w_second_1/state"", ""device"": {""connections"": [[""id"", ""C82A1455C70C""]], ""sw_version"": ""1001"", ""model"": ""ASystem"", ""name"": ""ANode"", ""manufacturer"": ""Jane and Graham""}, ""unique_id"": ""power_consumption_servers_point_w_second_1""}"
power_consumption_wardrobe_dlights_point_w_second_1,Wardrobe Lights Power Consumption Home,,,,haas/sensor/config/sensor/anode/power_consumption_wardrobe_dlights_point_w_second_1/config,"{""unit_of_measurement"": ""W"", ""qos"": 1, ""name"": ""Wardrobe Lights Power Consumption Home"", ""value_template"": ""{{value_json.value}}"", ""state_topic"": ""haas/sensor/state/sensor/anode/power_consumption_wardrobe_dlights_point_w_second_1/state"", ""device"": {""connections"": [[""id"", ""C82A1455C70C""]], ""sw_version"": ""1001"", ""model"": ""ASystem"", ""name"": ""ANode"", ""manufacturer"": ""Jane and Graham""}, ""unique_id"": ""power_consumption_wardrobe_dlights_point_w_second_1""}"
pressure_dabsolute_indoor_ada_point_mbar_second_50,Ada Pressure Absolute Indoor Ada,,,,haas/sensor/config/sensor/anode/pressure_dabsolute_indoor_ada_point_mbar_second_50/config,"{""unit_of_measurement"": ""mbar"", ""qos"": 1, ""name"": ""Ada Pressure Absolute Indoor Ada"", ""value_template"": ""{{value_json.value}}"", ""state_topic"": ""haas/sensor/state/sensor/anode/pressure_dabsolute_indoor_ada_point_mbar_second_50/state"", ""device"": {""connections"": [[""id"", ""C82A1455C70C""]], ""sw_version"": ""1001"", ""model"": ""ASystem"", ""name"": ""ANode"", ""manufacturer"": ""Jane and Graham""}, ""unique_id"": ""pressure_dabsolute_indoor_ada_point_mbar_second_50""}"
pressure_dabsolute_indoor_edwin_point_mbar_second_50,Edwin Pressure Absolute Indoor Edwin,,,,haas/sensor/config/sensor/anode/pressure_dabsolute_indoor_edwin_point_mbar_second_50/config,"{""unit_of_measurement"": ""mbar"", ""qos"": 1, ""name"": ""Edwin Pressure Absolute Indoor Edwin"", ""value_template"": ""{{value_json.value}}"", ""state_topic"": ""haas/sensor/state/sensor/anode/pressure_dabsolute_indoor_edwin_point_mbar_second_50/state"", ""device"": {""connections"": [[""id"", ""C82A1455C70C""]], ""sw_version"": ""1001"", ""model"": ""ASystem"", ""name"": ""ANode"", ""manufacturer"": ""Jane and Graham""}, ""unique_id"": ""pressure_dabsolute_indoor_edwin_point_mbar_second_50""}"
pressure_dabsolute_indoor_kitchen_point_mbar_second_50,Kitchen Pressure Absolute Indoor Kitchen,,,,haas/sensor/config/sensor/anode/pressure_dabsolute_indoor_kitchen_point_mbar_second_50/config,"{""unit_of_measurement"": ""mbar"", ""qos"": 1, ""name"": ""Kitchen Pressure Absolute Indoor Kitchen"", ""value_template"": ""{{value_json.value}}"", ""state_topic"": ""haas/sensor/state/sensor/anode/pressure_dabsolute_indoor_kitchen_point_mbar_second_50/state"", ""device"": {""connections"": [[""id"", ""C82A1455C70C""]], ""sw_version"": ""1001"", ""model"": ""ASystem"", ""name"": ""ANode"", ""manufacturer"": ""Jane and Graham""}, ""unique_id"": ""pressure_dabsolute_indoor_kitchen_point_mbar_second_50""}"
pressure_dabsolute_indoor_laundry_point_mbar_second_50,Laundry Pressure Absolute Indoor Laundry,,,,haas/sensor/config/sensor/anode/pressure_dabsolute_indoor_laundry_point_mbar_second_50/config,"{""unit_of_measurement"": ""mbar"", ""qos"": 1, ""name"": ""Laundry Pressure Absolute Indoor Laundry"", ""value_template"": ""{{value_json.value}}"", ""state_topic"": ""haas/sensor/state/sensor/anode/pressure_dabsolute_indoor_laundry_point_mbar_second_50/state"", ""device"": {""connections"": [[""id"", ""C82A1455C70C""]], ""sw_version"": ""1001"", ""model"": ""ASystem"", ""name"": ""ANode"", ""manufacturer"": ""Jane and Graham""}, ""unique_id"": ""pressure_dabsolute_indoor_laundry_point_mbar_second_50""}"
pressure_dabsolute_indoor_office_point_mbar_second_50,Office Pressure Absolute Indoor Office,,,,haas/sensor/config/sensor/anode/pressure_dabsolute_indoor_office_point_mbar_second_50/config,"{""unit_of_measurement"": ""mbar"", ""qos"": 1, ""name"": ""Office Pressure Absolute Indoor Office"", ""value_template"": ""{{value_json.value}}"", ""state_topic"": ""haas/sensor/state/sensor/anode/pressure_dabsolute_indoor_office_point_mbar_second_50/state"", ""device"": {""connections"": [[""id"", ""C82A1455C70C""]], ""sw_version"": ""1001"", ""model"": ""ASystem"", ""name"": ""ANode"", ""manufacturer"": ""Jane and Graham""}, ""unique_id"": ""pressure_dabsolute_indoor_office_point_mbar_second_50""}"
pressure_dabsolute_indoor_parents_point_mbar_second_50,Parents Pressure Absolute Indoor Parents,,,,haas/sensor/config/sensor/anode/pressure_dabsolute_indoor_parents_point_mbar_second_50/config,"{""unit_of_measurement"": ""mbar"", ""qos"": 1, ""name"": ""Parents Pressure Absolute Indoor Parents"", ""value_template"": ""{{value_json.value}}"", ""state_topic"": ""haas/sensor/state/sensor/anode/pressure_dabsolute_indoor_parents_point_mbar_second_50/state"", ""device"": {""connections"": [[""id"", ""C82A1455C70C""]], ""sw_version"": ""1001"", ""model"": ""ASystem"", ""name"": ""ANode"", ""manufacturer"": ""Jane and Graham""}, ""unique_id"": ""pressure_dabsolute_indoor_parents_point_mbar_second_50""}"
pressure_indoor_ada_point_mbar_second_50,Ada Pressure Indoor Ada,,,,haas/sensor/config/sensor/anode/pressure_indoor_ada_point_mbar_second_50/config,"{""unit_of_measurement"": ""mbar"", ""qos"": 1, ""name"": ""Ada Pressure Indoor Ada"", ""value_template"": ""{{value_json.value}}"", ""state_topic"": ""haas/sensor/state/sensor/anode/pressure_indoor_ada_point_mbar_second_50/state"", ""device"": {""connections"": [[""id"", ""C82A1455C70C""]], ""sw_version"": ""1001"", ""model"": ""ASystem"", ""name"": ""ANode"", ""manufacturer"": ""Jane and Graham""}, ""unique_id"": ""pressure_indoor_ada_point_mbar_second_50""}"
pressure_indoor_edwin_point_mbar_second_50,Edwin Pressure Indoor Edwin,,,,haas/sensor/config/sensor/anode/pressure_indoor_edwin_point_mbar_second_50/config,"{""unit_of_measurement"": ""mbar"", ""qos"": 1, ""name"": ""Edwin Pressure Indoor Edwin"", ""value_template"": ""{{value_json.value}}"", ""state_topic"": ""haas/sensor/state/sensor/anode/pressure_indoor_edwin_point_mbar_second_50/state"", ""device"": {""connections"": [[""id"", ""C82A1455C70C""]], ""sw_version"": ""1001"", ""model"": ""ASystem"", ""name"": ""ANode"", ""manufacturer"": ""Jane and Graham""}, ""unique_id"": ""pressure_indoor_edwin_point_mbar_second_50""}"
pressure_indoor_kitchen_point_mbar_second_50,Kitchen Pressure Indoor Kitchen,,,,haas/sensor/config/sensor/anode/pressure_indoor_kitchen_point_mbar_second_50/config,"{""unit_of_measurement"": ""mbar"", ""qos"": 1, ""name"": ""Kitchen Pressure Indoor Kitchen"", ""value_template"": ""{{value_json.value}}"", ""state_topic"": ""haas/sensor/state/sensor/anode/pressure_indoor_kitchen_point_mbar_second_50/state"", ""device"": {""connections"": [[""id"", ""C82A1455C70C""]], ""sw_version"": ""1001"", ""model"": ""ASystem"", ""name"": ""ANode"", ""manufacturer"": ""Jane and Graham""}, ""unique_id"": ""pressure_indoor_kitchen_point_mbar_second_50""}"
pressure_indoor_laundry_point_mbar_second_50,Laundry Pressure Indoor Laundry,,,,haas/sensor/config/sensor/anode/pressure_indoor_laundry_point_mbar_second_50/config,"{""unit_of_measurement"": ""mbar"", ""qos"": 1, ""name"": ""Laundry Pressure Indoor Laundry"", ""value_template"": ""{{value_json.value}}"", ""state_topic"": ""haas/sensor/state/sensor/anode/pressure_indoor_laundry_point_mbar_second_50/state"", ""device"": {""connections"": [[""id"", ""C82A1455C70C""]], ""sw_version"": ""1001"", ""model"": ""ASystem"", ""name"": ""ANode"", ""manufacturer"": ""Jane and Graham""}, ""unique_id"": ""pressure_indoor_laundry_point_mbar_second_50""}"
pressure_indoor_office_point_mbar_second_50,Office Pressure Indoor Office,,,,haas/sensor/config/sensor/anode/pressure_indoor_office_point_mbar_second_50/config,"{""unit_of_measurement"": ""mbar"", ""qos"": 1, ""name"": ""Office Pressure Indoor Office"", ""value_template"": ""{{value_json.value}}"", ""state_topic"": ""haas/sensor/state/sensor/anode/pressure_indoor_office_point_mbar_second_50/state"", ""device"": {""connections"": [[""id"", ""C82A1455C70C""]], ""sw_version"": ""1001"", ""model"": ""ASystem"", ""name"": ""ANode"", ""manufacturer"": ""Jane and Graham""}, ""unique_id"": ""pressure_indoor_office_point_mbar_second_50""}"
pressure_indoor_parents_point_mbar_second_50,Parents Pressure Indoor Parents,,,,haas/sensor/config/sensor/anode/pressure_indoor_parents_point_mbar_second_50/config,"{""unit_of_measurement"": ""mbar"", ""qos"": 1, ""name"": ""Parents Pressure Indoor Parents"", ""value_template"": ""{{value_json.value}}"", ""state_topic"": ""haas/sensor/state/sensor/anode/pressure_indoor_parents_point_mbar_second_50/state"", ""device"": {""connections"": [[""id"", ""C82A1455C70C""]], ""sw_version"": ""1001"", ""model"": ""ASystem"", ""name"": ""ANode"", ""manufacturer"": ""Jane and Graham""}, ""unique_id"": ""pressure_indoor_parents_point_mbar_second_50""}"
pressure_outdoor_roof_point_mbar_second_2,Roof Pressure Outdoor Roof,,,,haas/sensor/config/sensor/anode/pressure_outdoor_roof_point_mbar_second_2/config,"{""unit_of_measurement"": ""mbar"", ""qos"": 1, ""name"": ""Roof Pressure Outdoor Roof"", ""value_template"": ""{{value_json.value}}"", ""state_topic"": ""haas/sensor/state/sensor/anode/pressure_outdoor_roof_point_mbar_second_2/state"", ""device"": {""connections"": [[""id"", ""C82A1455C70C""]], ""sw_version"": ""1001"", ""model"": ""ASystem"", ""name"": ""ANode"", ""manufacturer"": ""Jane and Graham""}, ""unique_id"": ""pressure_outdoor_roof_point_mbar_second_2""}"
rain_indoor_utility_ddew_dpoint_point_pc2_pb0c_second_2,Utility Dew Point Rain Indoor Utility,,,,haas/sensor/config/sensor/anode/rain_indoor_utility_ddew_dpoint_point_pc2_pb0c_second_2/config,"{""unit_of_measurement"": ""C"", ""qos"": 1, ""name"": ""Utility Dew Point Rain Indoor Utility"", ""value_template"": ""{{value_json.value}}"", ""state_topic"": ""haas/sensor/state/sensor/anode/rain_indoor_utility_ddew_dpoint_point_pc2_pb0c_second_2/state"", ""device"": {""connections"": [[""id"", ""C82A1455C70C""]], ""sw_version"": ""1001"", ""model"": ""ASystem"", ""name"": ""ANode"", ""manufacturer"": ""Jane and Graham""}, ""unique_id"": ""rain_indoor_utility_ddew_dpoint_point_pc2_pb0c_second_2""}"
rain_outdoor_day_integral_mm_day_1,Day Rain Outdoor Home,,,,haas/sensor/config/sensor/anode/rain_outdoor_day_integral_mm_day_1/config,"{""unit_of_measurement"": ""mm"", ""qos"": 1, ""name"": ""Day Rain Outdoor Home"", ""value_template"": ""{{value_json.value}}"", ""state_topic"": ""haas/sensor/state/sensor/anode/rain_outdoor_day_integral_mm_day_1/state"", ""device"": {""connections"": [[""id"", ""C82A1455C70C""]], ""sw_version"": ""1001"", ""model"": ""ASystem"", ""name"": ""ANode"", ""manufacturer"": ""Jane and Graham""}, ""unique_id"": ""rain_outdoor_day_integral_mm_day_1""}"
rain_outdoor_last_d30_dmin_integral_mm_minute_30,Last 30 Min Rain Outdoor Home,,,,haas/sensor/config/sensor/anode/rain_outdoor_last_d30_dmin_integral_mm_minute_30/config,"{""unit_of_measurement"": ""mm"", ""qos"": 1, ""name"": ""Last 30 Min Rain Outdoor Home"", ""value_template"": ""{{value_json.value}}"", ""state_topic"": ""haas/sensor/state/sensor/anode/rain_outdoor_last_d30_dmin_integral_mm_minute_30/state"", ""device"": {""connections"": [[""id"", ""C82A1455C70C""]], ""sw_version"": ""1001"", ""model"": ""ASystem"", ""name"": ""ANode"", ""manufacturer"": ""Jane and Graham""}, ""unique_id"": ""rain_outdoor_last_d30_dmin_integral_mm_minute_30""}"
rain_outdoor_month_integral_cm_month_1,Month Rain Outdoor Home,,,,haas/sensor/config/sensor/anode/rain_outdoor_month_integral_cm_month_1/config,"{""unit_of_measurement"": ""cm"", ""qos"": 1, ""name"": ""Month Rain Outdoor Home"", ""value_template"": ""{{value_json.value}}"", ""state_topic"": ""haas/sensor/state/sensor/anode/rain_outdoor_month_integral_cm_month_1/state"", ""device"": {""connections"": [[""id"", ""C82A1455C70C""]], ""sw_version"": ""1001"", ""model"": ""ASystem"", ""name"": ""ANode"", ""manufacturer"": ""Jane and Graham""}, ""unique_id"": ""rain_outdoor_month_integral_cm_month_1""}"
rain_outdoor_rate_mean_mm_p2fh_minute_30,Rate Rain Outdoor Home,,,,haas/sensor/config/sensor/anode/rain_outdoor_rate_mean_mm_p2fh_minute_30/config,"{""unit_of_measurement"": ""mm/h"", ""qos"": 1, ""name"": ""Rate Rain Outdoor Home"", ""value_template"": ""{{value_json.value}}"", ""state_topic"": ""haas/sensor/state/sensor/anode/rain_outdoor_rate_mean_mm_p2fh_minute_30/state"", ""device"": {""connections"": [[""id"", ""C82A1455C70C""]], ""sw_version"": ""1001"", ""model"": ""ASystem"", ""name"": ""ANode"", ""manufacturer"": ""Jane and Graham""}, ""unique_id"": ""rain_outdoor_rate_mean_mm_p2fh_minute_30""}"
rain_outdoor_roof_ddew_dpoint_point_pc2_pb0c_second_2,Roof Dew Point Rain Outdoor Roof,,,,haas/sensor/config/sensor/anode/rain_outdoor_roof_ddew_dpoint_point_pc2_pb0c_second_2/config,"{""unit_of_measurement"": ""C"", ""qos"": 1, ""name"": ""Roof Dew Point Rain Outdoor Roof"", ""value_template"": ""{{value_json.value}}"", ""state_topic"": ""haas/sensor/state/sensor/anode/rain_outdoor_roof_ddew_dpoint_point_pc2_pb0c_second_2/state"", ""device"": {""connections"": [[""id"", ""C82A1455C70C""]], ""sw_version"": ""1001"", ""model"": ""ASystem"", ""name"": ""ANode"", ""manufacturer"": ""Jane and Graham""}, ""unique_id"": ""rain_outdoor_roof_ddew_dpoint_point_pc2_pb0c_second_2""}"
rain_outdoor_year_integral_m_year_1,Year Rain Outdoor Home,,,,haas/sensor/config/sensor/anode/rain_outdoor_year_integral_m_year_1/config,"{""unit_of_measurement"": ""m"", ""qos"": 1, ""name"": ""Year Rain Outdoor Home"", ""value_template"": ""{{value_json.value}}"", ""state_topic"": ""haas/sensor/state/sensor/anode/rain_outdoor_year_integral_m_year_1/state"", ""device"": {""connections"": [[""id"", ""C82A1455C70C""]], ""sw_version"": ""1001"", ""model"": ""ASystem"", ""name"": ""ANode"", ""manufacturer"": ""Jane and Graham""}, ""unique_id"": ""rain_outdoor_year_integral_m_year_1""}"
sun_outdoor_altitude_point_pc2_pb0_second_2,Altitude Sun Outdoor Home,,,,haas/sensor/config/sensor/anode/sun_outdoor_altitude_point_pc2_pb0_second_2/config,"{""unit_of_measurement"": """", ""qos"": 1, ""name"": ""Altitude Sun Outdoor Home"", ""value_template"": ""{{value_json.value}}"", ""state_topic"": ""haas/sensor/state/sensor/anode/sun_outdoor_altitude_point_pc2_pb0_second_2/state"", ""device"": {""connections"": [[""id"", ""C82A1455C70C""]], ""sw_version"": ""1001"", ""model"": ""ASystem"", ""name"": ""ANode"", ""manufacturer"": ""Jane and Graham""}, ""unique_id"": ""sun_outdoor_altitude_point_pc2_pb0_second_2""}"
sun_outdoor_azimuth_point_pc2_pb0_second_2,Azimuth Sun Outdoor Home,,,,haas/sensor/config/sensor/anode/sun_outdoor_azimuth_point_pc2_pb0_second_2/config,"{""unit_of_measurement"": """", ""qos"": 1, ""name"": ""Azimuth Sun Outdoor Home"", ""value_template"": ""{{value_json.value}}"", ""state_topic"": ""haas/sensor/state/sensor/anode/sun_outdoor_azimuth_point_pc2_pb0_second_2/state"", ""device"": {""connections"": [[""id"", ""C82A1455C70C""]], ""sw_version"": ""1001"", ""model"": ""ASystem"", ""name"": ""ANode"", ""manufacturer"": ""Jane and Graham""}, ""unique_id"": ""sun_outdoor_azimuth_point_pc2_pb0_second_2""}"
sun_outdoor_rise_epoch_scalar_day_1,Rise Sun Outdoor Home,,,,haas/sensor/config/sensor/anode/sun_outdoor_rise_epoch_scalar_day_1/config,"{""unit_of_measurement"": ""scalar"", ""qos"": 1, ""name"": ""Rise Sun Outdoor Home"", ""value_template"": ""{{value_json.value}}"", ""state_topic"": ""haas/sensor/state/sensor/anode/sun_outdoor_rise_epoch_scalar_day_1/state"", ""device"": {""connections"": [[""id"", ""C82A1455C70C""]], ""sw_version"": ""1001"", ""model"": ""ASystem"", ""name"": ""ANode"", ""manufacturer"": ""Jane and Graham""}, ""unique_id"": ""sun_outdoor_rise_epoch_scalar_day_1""}"
sun_outdoor_set_epoch_scalar_day_1,Set Sun Outdoor Home,,,,haas/sensor/config/sensor/anode/sun_outdoor_set_epoch_scalar_day_1/config,"{""unit_of_measurement"": ""scalar"", ""qos"": 1, ""name"": ""Set Sun Outdoor Home"", ""value_template"": ""{{value_json.value}}"", ""state_topic"": ""haas/sensor/state/sensor/anode/sun_outdoor_set_epoch_scalar_day_1/state"", ""device"": {""connections"": [[""id"", ""C82A1455C70C""]], ""sw_version"": ""1001"", ""model"": ""ASystem"", ""name"": ""ANode"", ""manufacturer"": ""Jane and Graham""}, ""unique_id"": ""sun_outdoor_set_epoch_scalar_day_1""}"
temperature_indoor_ada_point_pc2_pb0c_second_50,Ada Temperature Indoor Ada,,,,haas/sensor/config/sensor/anode/temperature_indoor_ada_point_pc2_pb0c_second_50/config,"{""unit_of_measurement"": ""C"", ""qos"": 1, ""name"": ""Ada Temperature Indoor Ada"", ""value_template"": ""{{value_json.value}}"", ""state_topic"": ""haas/sensor/state/sensor/anode/temperature_indoor_ada_point_pc2_pb0c_second_50/state"", ""device"": {""connections"": [[""id"", ""C82A1455C70C""]], ""sw_version"": ""1001"", ""model"": ""ASystem"", ""name"": ""ANode"", ""manufacturer"": ""Jane and Graham""}, ""unique_id"": ""temperature_indoor_ada_point_pc2_pb0c_second_50""}"
temperature_indoor_dining_point_pc2_pb0c_second_50,Dining Temperature Indoor Dining,,,,haas/sensor/config/sensor/anode/temperature_indoor_dining_point_pc2_pb0c_second_50/config,"{""unit_of_measurement"": ""C"", ""qos"": 1, ""name"": ""Dining Temperature Indoor Dining"", ""value_template"": ""{{value_json.value}}"", ""state_topic"": ""haas/sensor/state/sensor/anode/temperature_indoor_dining_point_pc2_pb0c_second_50/state"", ""device"": {""connections"": [[""id"", ""C82A1455C70C""]], ""sw_version"": ""1001"", ""model"": ""ASystem"", ""name"": ""ANode"", ""manufacturer"": ""Jane and Graham""}, ""unique_id"": ""temperature_indoor_dining_point_pc2_pb0c_second_50""}"
temperature_indoor_edwin_point_pc2_pb0c_second_50,Edwin Temperature Indoor Edwin,,,,haas/sensor/config/sensor/anode/temperature_indoor_edwin_point_pc2_pb0c_second_50/config,"{""unit_of_measurement"": ""C"", ""qos"": 1, ""name"": ""Edwin Temperature Indoor Edwin"", ""value_template"": ""{{value_json.value}}"", ""state_topic"": ""haas/sensor/state/sensor/anode/temperature_indoor_edwin_point_pc2_pb0c_second_50/state"", ""device"": {""connections"": [[""id"", ""C82A1455C70C""]], ""sw_version"": ""1001"", ""model"": ""ASystem"", ""name"": ""ANode"", ""manufacturer"": ""Jane and Graham""}, ""unique_id"": ""temperature_indoor_edwin_point_pc2_pb0c_second_50""}"
temperature_indoor_kitchen_point_pc2_pb0c_second_50,Kitchen Temperature Indoor Kitchen,,,,haas/sensor/config/sensor/anode/temperature_indoor_kitchen_point_pc2_pb0c_second_50/config,"{""unit_of_measurement"": ""C"", ""qos"": 1, ""name"": ""Kitchen Temperature Indoor Kitchen"", ""value_template"": ""{{value_json.value}}"", ""state_topic"": ""haas/sensor/state/sensor/anode/temperature_indoor_kitchen_point_pc2_pb0c_second_50/state"", ""device"": {""connections"": [[""id"", ""C82A1455C70C""]], ""sw_version"": ""1001"", ""model"": ""ASystem"", ""name"": ""ANode"", ""manufacturer"": ""Jane and Graham""}, ""unique_id"": ""temperature_indoor_kitchen_point_pc2_pb0c_second_50""}"
temperature_indoor_laundry_point_pc2_pb0c_second_50,Laundry Temperature Indoor Laundry,,,,haas/sensor/config/sensor/anode/temperature_indoor_laundry_point_pc2_pb0c_second_50/config,"{""unit_of_measurement"": ""C"", ""qos"": 1, ""name"": ""Laundry Temperature Indoor Laundry"", ""value_template"": ""{{value_json.value}}"", ""state_topic"": ""haas/sensor/state/sensor/anode/temperature_indoor_laundry_point_pc2_pb0c_second_50/state"", ""device"": {""connections"": [[""id"", ""C82A1455C70C""]], ""sw_version"": ""1001"", ""model"": ""ASystem"", ""name"": ""ANode"", ""manufacturer"": ""Jane and Graham""}, ""unique_id"": ""temperature_indoor_laundry_point_pc2_pb0c_second_50""}"
temperature_indoor_lounge_point_pc2_pb0c_second_50,Lounge Temperature Indoor Lounge,,,,haas/sensor/config/sensor/anode/temperature_indoor_lounge_point_pc2_pb0c_second_50/config,"{""unit_of_measurement"": ""C"", ""qos"": 1, ""name"": ""Lounge Temperature Indoor Lounge"", ""value_template"": ""{{value_json.value}}"", ""state_topic"": ""haas/sensor/state/sensor/anode/temperature_indoor_lounge_point_pc2_pb0c_second_50/state"", ""device"": {""connections"": [[""id"", ""C82A1455C70C""]], ""sw_version"": ""1001"", ""model"": ""ASystem"", ""name"": ""ANode"", ""manufacturer"": ""Jane and Graham""}, ""unique_id"": ""temperature_indoor_lounge_point_pc2_pb0c_second_50""}"
temperature_indoor_office_point_pc2_pb0c_second_50,Office Temperature Indoor Office,,,,haas/sensor/config/sensor/anode/temperature_indoor_office_point_pc2_pb0c_second_50/config,"{""unit_of_measurement"": ""C"", ""qos"": 1, ""name"": ""Office Temperature Indoor Office"", ""value_template"": ""{{value_json.value}}"", ""state_topic"": ""haas/sensor/state/sensor/anode/temperature_indoor_office_point_pc2_pb0c_second_50/state"", ""device"": {""connections"": [[""id"", ""C82A1455C70C""]], ""sw_version"": ""1001"", ""model"": ""ASystem"", ""name"": ""ANode"", ""manufacturer"": ""Jane and Graham""}, ""unique_id"": ""temperature_indoor_office_point_pc2_pb0c_second_50""}"
temperature_indoor_pantry_point_pc2_pb0c_second_50,Pantry Temperature Indoor Pantry,,,,haas/sensor/config/sensor/anode/temperature_indoor_pantry_point_pc2_pb0c_second_50/config,"{""unit_of_measurement"": ""C"", ""qos"": 1, ""name"": ""Pantry Temperature Indoor Pantry"", ""value_template"": ""{{value_json.value}}"", ""state_topic"": ""haas/sensor/state/sensor/anode/temperature_indoor_pantry_point_pc2_pb0c_second_50/state"", ""device"": {""connections"": [[""id"", ""C82A1455C70C""]], ""sw_version"": ""1001"", ""model"": ""ASystem"", ""name"": ""ANode"", ""manufacturer"": ""Jane and Graham""}, ""unique_id"": ""temperature_indoor_pantry_point_pc2_pb0c_second_50""}"
temperature_indoor_parents_point_pc2_pb0c_second_50,Parents Temperature Indoor Parents,,,,haas/sensor/config/sensor/anode/temperature_indoor_parents_point_pc2_pb0c_second_50/config,"{""unit_of_measurement"": ""C"", ""qos"": 1, ""name"": ""Parents Temperature Indoor Parents"", ""value_template"": ""{{value_json.value}}"", ""state_topic"": ""haas/sensor/state/sensor/anode/temperature_indoor_parents_point_pc2_pb0c_second_50/state"", ""device"": {""connections"": [[""id"", ""C82A1455C70C""]], ""sw_version"": ""1001"", ""model"": ""ASystem"", ""name"": ""ANode"", ""manufacturer"": ""Jane and Graham""}, ""unique_id"": ""temperature_indoor_parents_point_pc2_pb0c_second_50""}"
temperature_indoor_utility_point_pc2_pb0c_second_2,Utility Temperature Indoor Utility,,,,haas/sensor/config/sensor/anode/temperature_indoor_utility_point_pc2_pb0c_second_2/config,"{""unit_of_measurement"": ""C"", ""qos"": 1, ""name"": ""Utility Temperature Indoor Utility"", ""value_template"": ""{{value_json.value}}"", ""state_topic"": ""haas/sensor/state/sensor/anode/temperature_indoor_utility_point_pc2_pb0c_second_2/state"", ""device"": {""connections"": [[""id"", ""C82A1455C70C""]], ""sw_version"": ""1001"", ""model"": ""ASystem"", ""name"": ""ANode"", ""manufacturer"": ""Jane and Graham""}, ""unique_id"": ""temperature_indoor_utility_point_pc2_pb0c_second_2""}"
temperature_outdoor_basement_point_pc2_pb0c_second_50,Basement Temperature Outdoor Basement,,,,haas/sensor/config/sensor/anode/temperature_outdoor_basement_point_pc2_pb0c_second_50/config,"{""unit_of_measurement"": ""C"", ""qos"": 1, ""name"": ""Basement Temperature Outdoor Basement"", ""value_template"": ""{{value_json.value}}"", ""state_topic"": ""haas/sensor/state/sensor/anode/temperature_outdoor_basement_point_pc2_pb0c_second_50/state"", ""device"": {""connections"": [[""id"", ""C82A1455C70C""]], ""sw_version"": ""1001"", ""model"": ""ASystem"", ""name"": ""ANode"", ""manufacturer"": ""Jane and Graham""}, ""unique_id"": ""temperature_outdoor_basement_point_pc2_pb0c_second_50""}"
temperature_outdoor_deck_point_pc2_pb0c_second_50,Deck Temperature Outdoor Deck,,,,haas/sensor/config/sensor/anode/temperature_outdoor_deck_point_pc2_pb0c_second_50/config,"{""unit_of_measurement"": ""C"", ""qos"": 1, ""name"": ""Deck Temperature Outdoor Deck"", ""value_template"": ""{{value_json.value}}"", ""state_topic"": ""haas/sensor/state/sensor/anode/temperature_outdoor_deck_point_pc2_pb0c_second_50/state"", ""device"": {""connections"": [[""id"", ""C82A1455C70C""]], ""sw_version"": ""1001"", ""model"": ""ASystem"", ""name"": ""ANode"", ""manufacturer"": ""Jane and Graham""}, ""unique_id"": ""temperature_outdoor_deck_point_pc2_pb0c_second_50""}"
temperature_outdoor_roof_point_pc2_pb0c_second_2,Roof Temperature Outdoor Roof,,,,haas/sensor/config/sensor/anode/temperature_outdoor_roof_point_pc2_pb0c_second_2/config,"{""unit_of_measurement"": ""C"", ""qos"": 1, ""name"": ""Roof Temperature Outdoor Roof"", ""value_template"": ""{{value_json.value}}"", ""state_topic"": ""haas/sensor/state/sensor/anode/temperature_outdoor_roof_point_pc2_pb0c_second_2/state"", ""device"": {""connections"": [[""id"", ""C82A1455C70C""]], ""sw_version"": ""1001"", ""model"": ""ASystem"", ""name"": ""ANode"", ""manufacturer"": ""Jane and Graham""}, ""unique_id"": ""temperature_outdoor_roof_point_pc2_pb0c_second_2""}"
wind_outdoor_gust_dbearing_point_pc2_pb0_second_2,Gust Bearing Wind Outdoor Home,,,,haas/sensor/config/sensor/anode/wind_outdoor_gust_dbearing_point_pc2_pb0_second_2/config,"{""unit_of_measurement"": """", ""qos"": 1, ""name"": ""Gust Bearing Wind Outdoor Home"", ""value_template"": ""{{value_json.value}}"", ""state_topic"": ""haas/sensor/state/sensor/anode/wind_outdoor_gust_dbearing_point_pc2_pb0_second_2/state"", ""device"": {""connections"": [[""id"", ""C82A1455C70C""]], ""sw_version"": ""1001"", ""model"": ""ASystem"", ""name"": ""ANode"", ""manufacturer"": ""Jane and Graham""}, ""unique_id"": ""wind_outdoor_gust_dbearing_point_pc2_pb0_second_2""}"
wind_outdoor_gust_dspeed_point_km_p2fh_second_2,Gust Speed Wind Outdoor Home,,,,haas/sensor/config/sensor/anode/wind_outdoor_gust_dspeed_point_km_p2fh_second_2/config,"{""unit_of_measurement"": ""km/h"", ""qos"": 1, ""name"": ""Gust Speed Wind Outdoor Home"", ""value_template"": ""{{value_json.value}}"", ""state_topic"": ""haas/sensor/state/sensor/anode/wind_outdoor_gust_dspeed_point_km_p2fh_second_2/state"", ""device"": {""connections"": [[""id"", ""C82A1455C70C""]], ""sw_version"": ""1001"", ""model"": ""ASystem"", ""name"": ""ANode"", ""manufacturer"": ""Jane and Graham""}, ""unique_id"": ""wind_outdoor_gust_dspeed_point_km_p2fh_second_2""}"
